#1
double profiles(8760,3)
0.0 0.000000 0.220000
3600.0 0.000000 0.180000
7200.0 0.000000 0.160000
10800.0 0.000000 0.160000
14400.0 0.000000 0.180000
18000.0 0.000000 0.280000
21600.0 0.000000 0.400000
25200.0 0.000000 0.450000
28800.0 0.108058 0.500000
32400.0 0.301207 0.550000
36000.0 0.458137 0.580000
39600.0 0.566621 0.600000
43200.0 0.624128 0.580000
46800.0 0.630594 0.550000
50400.0 0.586919 0.520000
54000.0 0.494518 0.550000
57600.0 0.355831 0.680000
61200.0 0.177304 0.880000
64800.0 0.009342 1.000000
68400.0 0.000000 0.950000
72000.0 0.000000 0.750000
75600.0 0.000000 0.520000
79200.0 0.000000 0.350000
82800.0 0.000000 0.260000
86400.0 0.000000 0.220000
90000.0 0.000000 0.180000
93600.0 0.000000 0.160000
97200.0 0.000000 0.160000
100800.0 0.000000 0.180000
104400.0 0.000000 0.280000
108000.0 0.000000 0.400000
111600.0 0.000000 0.450000
115200.0 0.106504 0.500000
118800.0 0.299735 0.550000
122400.0 0.457055 0.580000
126000.0 0.565976 0.600000
129600.0 0.623917 0.580000
133200.0 0.630795 0.550000
136800.0 0.587502 0.520000
140400.0 0.495446 0.550000
144000.0 0.357067 0.680000
147600.0 0.178784 0.880000
151200.0 0.010025 1.000000
154800.0 0.000000 0.950000
158400.0 0.000000 0.750000
162000.0 0.000000 0.520000
165600.0 0.000000 0.350000
169200.0 0.000000 0.260000
172800.0 0.000000 0.220000
176400.0 0.000000 0.180000
180000.0 0.000000 0.160000
183600.0 0.000000 0.160000
187200.0 0.000000 0.180000
190800.0 0.000000 0.280000
194400.0 0.000000 0.400000
198000.0 0.000000 0.450000
201600.0 0.105006 0.500000
205200.0 0.298313 0.550000
208800.0 0.456021 0.580000
212400.0 0.565377 0.600000
216000.0 0.623748 0.580000
219600.0 0.631033 0.550000
223200.0 0.588116 0.520000
226800.0 0.496402 0.550000
230400.0 0.358324 0.680000
234000.0 0.180279 0.880000
237600.0 0.010737 1.000000
241200.0 0.000000 0.950000
244800.0 0.000000 0.750000
248400.0 0.000000 0.520000
252000.0 0.000000 0.350000
255600.0 0.000000 0.260000
259200.0 0.000000 0.220000
262800.0 0.000000 0.180000
266400.0 0.000000 0.160000
270000.0 0.000000 0.160000
273600.0 0.000000 0.180000
277200.0 0.000000 0.280000
280800.0 0.000000 0.400000
284400.0 0.000000 0.450000
288000.0 0.103562 0.500000
291600.0 0.296943 0.550000
295200.0 0.455035 0.580000
298800.0 0.564823 0.600000
302400.0 0.623621 0.580000
306000.0 0.631308 0.550000
309600.0 0.588762 0.520000
313200.0 0.497382 0.550000
316800.0 0.359598 0.680000
320400.0 0.181786 0.880000
324000.0 0.011478 1.000000
327600.0 0.000000 0.950000
331200.0 0.000000 0.750000
334800.0 0.000000 0.520000
338400.0 0.000000 0.350000
342000.0 0.000000 0.260000
345600.0 0.000000 0.220000
349200.0 0.000000 0.180000
352800.0 0.000000 0.160000
356400.0 0.000000 0.160000
360000.0 0.000000 0.180000
363600.0 0.000000 0.280000
367200.0 0.000000 0.400000
370800.0 0.000000 0.450000
374400.0 0.102175 0.500000
378000.0 0.295626 0.550000
381600.0 0.454099 0.580000
385200.0 0.564315 0.600000
388800.0 0.623535 0.580000
392400.0 0.631619 0.550000
396000.0 0.589438 0.520000
399600.0 0.498386 0.550000
403200.0 0.360890 0.680000
406800.0 0.183305 0.880000
410400.0 0.012246 1.000000
414000.0 0.000000 0.950000
417600.0 0.000000 0.750000
421200.0 0.000000 0.520000
424800.0 0.000000 0.350000
428400.0 0.000000 0.260000
432000.0 0.000000 0.220000
435600.0 0.000000 0.180000
439200.0 0.000000 0.160000
442800.0 0.000000 0.160000
446400.0 0.000000 0.180000
450000.0 0.000000 0.280000
453600.0 0.000000 0.400000
457200.0 0.000000 0.450000
460800.0 0.100844 0.500000
464400.0 0.294362 0.550000
468000.0 0.453212 0.580000
471600.0 0.563852 0.600000
475200.0 0.623489 0.580000
478800.0 0.631966 0.550000
482400.0 0.590143 0.520000
486000.0 0.499412 0.550000
489600.0 0.362197 0.680000
493200.0 0.184833 0.880000
496800.0 0.013042 1.000000
500400.0 0.000000 0.950000
504000.0 0.000000 0.750000
507600.0 0.000000 0.520000
511200.0 0.000000 0.350000
514800.0 0.000000 0.260000
518400.0 0.000000 0.220000
522000.0 0.000000 0.180000
525600.0 0.000000 0.160000
529200.0 0.000000 0.160000
532800.0 0.000000 0.180000
536400.0 0.000000 0.280000
540000.0 0.000000 0.400000
543600.0 0.000000 0.450000
547200.0 0.099571 0.500000
550800.0 0.293152 0.550000
554400.0 0.452375 0.580000
558000.0 0.563435 0.600000
561600.0 0.623484 0.580000
565200.0 0.632347 0.550000
568800.0 0.590876 0.520000
572400.0 0.500459 0.550000
576000.0 0.363517 0.680000
579600.0 0.186368 0.880000
583200.0 0.013863 1.000000
586800.0 0.000000 0.950000
590400.0 0.000000 0.750000
594000.0 0.000000 0.520000
597600.0 0.000000 0.350000
601200.0 0.000000 0.260000
604800.0 0.000000 0.220000
608400.0 0.000000 0.180000
612000.0 0.000000 0.160000
615600.0 0.000000 0.160000
619200.0 0.000000 0.180000
622800.0 0.000000 0.280000
626400.0 0.000000 0.400000
630000.0 0.000000 0.450000
633600.0 0.098357 0.500000
637200.0 0.291997 0.550000
640800.0 0.451588 0.580000
644400.0 0.563063 0.600000
648000.0 0.623519 0.580000
651600.0 0.632761 0.550000
655200.0 0.591635 0.520000
658800.0 0.501524 0.550000
662400.0 0.364848 0.680000
666000.0 0.187908 0.880000
669600.0 0.014708 1.000000
673200.0 0.000000 0.950000
676800.0 0.000000 0.750000
680400.0 0.000000 0.520000
684000.0 0.000000 0.350000
687600.0 0.000000 0.260000
691200.0 0.000000 0.220000
694800.0 0.000000 0.180000
698400.0 0.000000 0.160000
702000.0 0.000000 0.160000
705600.0 0.000000 0.180000
709200.0 0.000000 0.280000
712800.0 0.000000 0.400000
716400.0 0.000000 0.450000
720000.0 0.097202 0.500000
723600.0 0.290898 0.550000
727200.0 0.450852 0.580000
730800.0 0.562736 0.600000
734400.0 0.623593 0.580000
738000.0 0.633207 0.550000
741600.0 0.592419 0.520000
745200.0 0.502607 0.550000
748800.0 0.366188 0.680000
752400.0 0.189451 0.880000
756000.0 0.015576 1.000000
759600.0 0.000000 0.950000
763200.0 0.000000 0.750000
766800.0 0.000000 0.520000
770400.0 0.000000 0.350000
774000.0 0.000000 0.260000
777600.0 0.000000 0.220000
781200.0 0.000000 0.180000
784800.0 0.000000 0.160000
788400.0 0.000000 0.160000
792000.0 0.000000 0.180000
795600.0 0.000000 0.280000
799200.0 0.000000 0.400000
802800.0 0.000000 0.450000
806400.0 0.096106 0.500000
810000.0 0.289856 0.550000
813600.0 0.450167 0.580000
817200.0 0.562454 0.600000
820800.0 0.623705 0.580000
824400.0 0.633685 0.550000
828000.0 0.593226 0.520000
831600.0 0.503704 0.550000
835200.0 0.367535 0.680000
838800.0 0.190994 0.880000
842400.0 0.016466 1.000000
846000.0 0.000000 0.950000
849600.0 0.000000 0.750000
853200.0 0.000000 0.520000
856800.0 0.000000 0.350000
860400.0 0.000000 0.260000
864000.0 0.000000 0.220000
867600.0 0.000000 0.180000
871200.0 0.000000 0.160000
874800.0 0.000000 0.160000
878400.0 0.000000 0.180000
882000.0 0.000000 0.280000
885600.0 0.000000 0.400000
889200.0 0.000000 0.450000
892800.0 0.095071 0.500000
896400.0 0.288872 0.550000
900000.0 0.449533 0.580000
903600.0 0.562217 0.600000
907200.0 0.623855 0.580000
910800.0 0.634193 0.550000
914400.0 0.594055 0.520000
918000.0 0.504816 0.550000
921600.0 0.368888 0.680000
925200.0 0.192536 0.880000
928800.0 0.017375 1.000000
932400.0 0.000000 0.950000
936000.0 0.000000 0.750000
939600.0 0.000000 0.520000
943200.0 0.000000 0.350000
946800.0 0.000000 0.260000
950400.0 0.000000 0.220000
954000.0 0.000000 0.180000
957600.0 0.000000 0.160000
961200.0 0.000000 0.160000
964800.0 0.000000 0.180000
968400.0 0.000000 0.280000
972000.0 0.000000 0.400000
975600.0 0.000000 0.450000
979200.0 0.094097 0.500000
982800.0 0.287945 0.550000
986400.0 0.448950 0.580000
990000.0 0.562025 0.600000
993600.0 0.624042 0.580000
997200.0 0.634729 0.550000
1000800.0 0.594905 0.520000
1004400.0 0.505938 0.550000
1008000.0 0.370244 0.680000
1011600.0 0.194074 0.880000
1015200.0 0.018302 1.000000
1018800.0 0.000000 0.950000
1022400.0 0.000000 0.750000
1026000.0 0.000000 0.520000
1029600.0 0.000000 0.350000
1033200.0 0.000000 0.260000
1036800.0 0.000000 0.220000
1040400.0 0.000000 0.180000
1044000.0 0.000000 0.160000
1047600.0 0.000000 0.160000
1051200.0 0.000000 0.180000
1054800.0 0.000000 0.280000
1058400.0 0.000000 0.400000
1062000.0 0.000000 0.450000
1065600.0 0.093184 0.500000
1069200.0 0.287077 0.550000
1072800.0 0.448419 0.580000
1076400.0 0.561877 0.600000
1080000.0 0.624265 0.580000
1083600.0 0.635294 0.550000
1087200.0 0.595774 0.520000
1090800.0 0.507071 0.550000
1094400.0 0.371600 0.680000
1098000.0 0.195607 0.880000
1101600.0 0.019245 1.000000
1105200.0 0.000000 0.950000
1108800.0 0.000000 0.750000
1112400.0 0.000000 0.520000
1116000.0 0.000000 0.350000
1119600.0 0.000000 0.260000
1123200.0 0.000000 0.220000
1126800.0 0.000000 0.180000
1130400.0 0.000000 0.160000
1134000.0 0.000000 0.160000
1137600.0 0.000000 0.180000
1141200.0 0.000000 0.280000
1144800.0 0.000000 0.400000
1148400.0 0.000000 0.450000
1152000.0 0.092333 0.500000
1155600.0 0.286269 0.550000
1159200.0 0.447940 0.580000
1162800.0 0.561772 0.600000
1166400.0 0.624524 0.580000
1170000.0 0.635885 0.550000
1173600.0 0.596659 0.520000
1177200.0 0.508211 0.550000
1180800.0 0.372956 0.680000
1184400.0 0.197131 0.880000
1188000.0 0.020202 1.000000
1191600.0 0.000000 0.950000
1195200.0 0.000000 0.750000
1198800.0 0.000000 0.520000
1202400.0 0.000000 0.350000
1206000.0 0.000000 0.260000
1209600.0 0.000000 0.220000
1213200.0 0.000000 0.180000
1216800.0 0.000000 0.160000
1220400.0 0.000000 0.160000
1224000.0 0.000000 0.180000
1227600.0 0.000000 0.280000
1231200.0 0.000000 0.400000
1234800.0 0.000000 0.450000
1238400.0 0.091543 0.500000
1242000.0 0.285520 0.550000
1245600.0 0.447513 0.580000
1249200.0 0.561711 0.600000
1252800.0 0.624817 0.580000
1256400.0 0.636501 0.550000
1260000.0 0.597560 0.520000
1263600.0 0.509357 0.550000
1267200.0 0.374308 0.680000
1270800.0 0.198645 0.880000
1274400.0 0.021171 1.000000
1278000.0 0.000000 0.950000
1281600.0 0.000000 0.750000
1285200.0 0.000000 0.520000
1288800.0 0.000000 0.350000
1292400.0 0.000000 0.260000
1296000.0 0.000000 0.220000
1299600.0 0.000000 0.180000
1303200.0 0.000000 0.160000
1306800.0 0.000000 0.160000
1310400.0 0.000000 0.180000
1314000.0 0.000000 0.280000
1317600.0 0.000000 0.400000
1321200.0 0.000000 0.450000
1324800.0 0.090828 0.500000
1328400.0 0.284848 0.550000
1332000.0 0.447155 0.580000
1335600.0 0.561710 0.600000
1339200.0 0.625160 0.580000
1342800.0 0.637157 0.550000
1346400.0 0.598492 0.520000
1350000.0 0.510525 0.550000
1353600.0 0.375672 0.680000
1357200.0 0.200162 0.880000
1360800.0 0.022155 1.000000
1364400.0 0.000000 0.950000
1368000.0 0.000000 0.750000
1371600.0 0.000000 0.520000
1375200.0 0.000000 0.350000
1378800.0 0.000000 0.260000
1382400.0 0.000000 0.220000
1386000.0 0.000000 0.180000
1389600.0 0.000000 0.160000
1393200.0 0.000000 0.160000
1396800.0 0.000000 0.180000
1400400.0 0.000000 0.280000
1404000.0 0.000000 0.400000
1407600.0 0.000000 0.450000
1411200.0 0.090186 0.500000
1414800.0 0.284252 0.550000
1418400.0 0.446864 0.580000
1422000.0 0.561767 0.600000
1425600.0 0.625552 0.580000
1429200.0 0.637853 0.550000
1432800.0 0.599453 0.520000
1436400.0 0.511711 0.550000
1440000.0 0.377046 0.680000
1443600.0 0.201680 0.880000
1447200.0 0.023152 1.000000
1450800.0 0.000000 0.950000
1454400.0 0.000000 0.750000
1458000.0 0.000000 0.520000
1461600.0 0.000000 0.350000
1465200.0 0.000000 0.260000
1468800.0 0.000000 0.220000
1472400.0 0.000000 0.180000
1476000.0 0.000000 0.160000
1479600.0 0.000000 0.160000
1483200.0 0.000000 0.180000
1486800.0 0.000000 0.280000
1490400.0 0.000000 0.400000
1494000.0 0.000000 0.450000
1497600.0 0.089606 0.500000
1501200.0 0.283716 0.550000
1504800.0 0.446625 0.580000
1508400.0 0.561866 0.600000
1512000.0 0.625976 0.580000
1515600.0 0.638570 0.550000
1519200.0 0.600425 0.520000
1522800.0 0.512898 0.550000
1526400.0 0.378410 0.680000
1530000.0 0.203182 0.880000
1533600.0 0.024156 1.000000
1537200.0 0.000000 0.950000
1540800.0 0.000000 0.750000
1544400.0 0.000000 0.520000
1548000.0 0.000000 0.350000
1551600.0 0.000000 0.260000
1555200.0 0.000000 0.220000
1558800.0 0.000000 0.180000
1562400.0 0.000000 0.160000
1566000.0 0.000000 0.160000
1569600.0 0.000000 0.180000
1573200.0 0.000000 0.280000
1576800.0 0.000000 0.400000
1580400.0 0.000000 0.450000
1584000.0 0.089087 0.500000
1587600.0 0.283240 0.550000
1591200.0 0.446436 0.580000
1594800.0 0.562005 0.600000
1598400.0 0.626430 0.580000
1602000.0 0.639306 0.550000
1605600.0 0.601406 0.520000
1609200.0 0.514084 0.550000
1612800.0 0.379764 0.680000
1616400.0 0.204667 0.880000
1620000.0 0.025164 1.000000
1623600.0 0.000000 0.950000
1627200.0 0.000000 0.750000
1630800.0 0.000000 0.520000
1634400.0 0.000000 0.350000
1638000.0 0.000000 0.260000
1641600.0 0.000000 0.220000
1645200.0 0.000000 0.180000
1648800.0 0.000000 0.160000
1652400.0 0.000000 0.160000
1656000.0 0.000000 0.180000
1659600.0 0.000000 0.280000
1663200.0 0.000000 0.400000
1666800.0 0.000000 0.450000
1670400.0 0.088630 0.500000
1674000.0 0.282824 0.550000
1677600.0 0.446297 0.580000
1681200.0 0.562184 0.600000
1684800.0 0.626913 0.580000
1688400.0 0.640061 0.550000
1692000.0 0.602395 0.520000
1695600.0 0.515267 0.550000
1699200.0 0.381106 0.680000
1702800.0 0.206133 0.880000
1706400.0 0.026175 1.000000
1710000.0 0.000000 0.950000
1713600.0 0.000000 0.750000
1717200.0 0.000000 0.520000
1720800.0 0.000000 0.350000
1724400.0 0.000000 0.260000
1728000.0 0.000000 0.220000
1731600.0 0.000000 0.180000
1735200.0 0.000000 0.160000
1738800.0 0.000000 0.160000
1742400.0 0.000000 0.180000
1746000.0 0.000000 0.280000
1749600.0 0.000000 0.400000
1753200.0 0.000000 0.450000
1756800.0 0.088234 0.500000
1760400.0 0.282467 0.550000
1764000.0 0.446208 0.580000
1767600.0 0.562401 0.600000
1771200.0 0.627423 0.580000
1774800.0 0.640832 0.550000
1778400.0 0.603389 0.520000
1782000.0 0.516446 0.550000
1785600.0 0.382434 0.680000
1789200.0 0.207577 0.880000
1792800.0 0.027187 1.000000
1796400.0 0.000000 0.950000
1800000.0 0.000000 0.750000
1803600.0 0.000000 0.520000
1807200.0 0.000000 0.350000
1810800.0 0.000000 0.260000
1814400.0 0.000000 0.220000
1818000.0 0.000000 0.180000
1821600.0 0.000000 0.160000
1825200.0 0.000000 0.160000
1828800.0 0.000000 0.180000
1832400.0 0.000000 0.280000
1836000.0 0.000000 0.400000
1839600.0 0.000000 0.450000
1843200.0 0.087898 0.500000
1846800.0 0.282168 0.550000
1850400.0 0.446166 0.580000
1854000.0 0.562656 0.600000
1857600.0 0.627960 0.580000
1861200.0 0.641619 0.550000
1864800.0 0.604388 0.520000
1868400.0 0.517619 0.550000
1872000.0 0.383746 0.680000
1875600.0 0.209000 0.880000
1879200.0 0.028198 1.000000
1882800.0 0.000000 0.950000
1886400.0 0.000000 0.750000
1890000.0 0.000000 0.520000
1893600.0 0.000000 0.350000
1897200.0 0.000000 0.260000
1900800.0 0.000000 0.220000
1904400.0 0.000000 0.180000
1908000.0 0.000000 0.160000
1911600.0 0.000000 0.160000
1915200.0 0.000000 0.180000
1918800.0 0.000000 0.280000
1922400.0 0.000000 0.400000
1926000.0 0.000000 0.450000
1929600.0 0.087622 0.500000
1933200.0 0.281928 0.550000
1936800.0 0.446172 0.580000
1940400.0 0.562948 0.600000
1944000.0 0.628522 0.580000
1947600.0 0.642420 0.550000
1951200.0 0.605391 0.520000
1954800.0 0.518784 0.550000
1958400.0 0.385042 0.680000
1962000.0 0.210400 0.880000
1965600.0 0.029206 1.000000
1969200.0 0.000000 0.950000
1972800.0 0.000000 0.750000
1976400.0 0.000000 0.520000
1980000.0 0.000000 0.350000
1983600.0 0.000000 0.260000
1987200.0 0.000000 0.220000
1990800.0 0.000000 0.180000
1994400.0 0.000000 0.160000
1998000.0 0.000000 0.160000
2001600.0 0.000000 0.180000
2005200.0 0.000000 0.280000
2008800.0 0.000000 0.400000
2012400.0 0.000000 0.450000
2016000.0 0.087404 0.500000
2019600.0 0.281745 0.550000
2023200.0 0.446225 0.580000
2026800.0 0.563274 0.600000
2030400.0 0.629108 0.580000
2034000.0 0.643234 0.550000
2037600.0 0.606394 0.520000
2041200.0 0.519941 0.550000
2044800.0 0.386320 0.680000
2048400.0 0.211774 0.880000
2052000.0 0.030210 1.000000
2055600.0 0.000000 0.950000
2059200.0 0.000000 0.750000
2062800.0 0.000000 0.520000
2066400.0 0.000000 0.350000
2070000.0 0.000000 0.260000
2073600.0 0.000000 0.220000
2077200.0 0.000000 0.180000
2080800.0 0.000000 0.160000
2084400.0 0.000000 0.160000
2088000.0 0.000000 0.180000
2091600.0 0.000000 0.280000
2095200.0 0.000000 0.400000
2098800.0 0.000000 0.450000
2102400.0 0.087246 0.500000
2106000.0 0.281618 0.550000
2109600.0 0.446324 0.580000
2113200.0 0.563635 0.600000
2116800.0 0.629717 0.580000
2120400.0 0.644058 0.550000
2124000.0 0.607398 0.520000
2127600.0 0.521087 0.550000
2131200.0 0.387577 0.680000
2134800.0 0.213123 0.880000
2138400.0 0.031208 1.000000
2142000.0 0.000000 0.950000
2145600.0 0.000000 0.750000
2149200.0 0.000000 0.520000
2152800.0 0.000000 0.350000
2156400.0 0.000000 0.260000
2160000.0 0.000000 0.220000
2163600.0 0.000000 0.180000
2167200.0 0.000000 0.160000
2170800.0 0.000000 0.160000
2174400.0 0.000000 0.180000
2178000.0 0.000000 0.280000
2181600.0 0.000000 0.400000
2185200.0 0.000000 0.450000
2188800.0 0.087145 0.500000
2192400.0 0.281548 0.550000
2196000.0 0.446467 0.580000
2199600.0 0.564029 0.600000
2203200.0 0.630347 0.580000
2206800.0 0.644893 0.550000
2210400.0 0.608401 0.520000
2214000.0 0.522221 0.550000
2217600.0 0.388814 0.680000
2221200.0 0.214445 0.880000
2224800.0 0.032199 1.000000
2228400.0 0.000000 0.950000
2232000.0 0.000000 0.750000
2235600.0 0.000000 0.520000
2239200.0 0.000000 0.350000
2242800.0 0.000000 0.260000
2246400.0 0.000000 0.220000
2250000.0 0.000000 0.180000
2253600.0 0.000000 0.160000
2257200.0 0.000000 0.160000
2260800.0 0.000000 0.180000
2264400.0 0.000000 0.280000
2268000.0 0.000000 0.400000
2271600.0 0.000000 0.450000
2275200.0 0.087101 0.500000
2278800.0 0.281532 0.550000
2282400.0 0.446654 0.580000
2286000.0 0.564454 0.600000
2289600.0 0.630996 0.580000
2293200.0 0.645735 0.550000
2296800.0 0.609400 0.520000
2300400.0 0.523342 0.550000
2304000.0 0.390029 0.680000
2307600.0 0.215738 0.880000
2311200.0 0.033180 1.000000
2314800.0 0.000000 0.950000
2318400.0 0.000000 0.750000
2322000.0 0.000000 0.520000
2325600.0 0.000000 0.350000
2329200.0 0.000000 0.260000
2332800.0 0.000000 0.220000
2336400.0 0.000000 0.180000
2340000.0 0.000000 0.160000
2343600.0 0.000000 0.160000
2347200.0 0.000000 0.180000
2350800.0 0.000000 0.280000
2354400.0 0.000000 0.400000
2358000.0 0.000000 0.450000
2361600.0 0.087114 0.500000
2365200.0 0.281571 0.550000
2368800.0 0.446883 0.580000
2372400.0 0.564910 0.600000
2376000.0 0.631664 0.580000
2379600.0 0.646584 0.550000
2383200.0 0.610395 0.520000
2386800.0 0.524449 0.550000
2390400.0 0.391219 0.680000
2394000.0 0.217002 0.880000
2397600.0 0.034151 1.000000
2401200.0 0.000000 0.950000
2404800.0 0.000000 0.750000
2408400.0 0.000000 0.520000
2412000.0 0.000000 0.350000
2415600.0 0.000000 0.260000
2419200.0 0.000000 0.220000
2422800.0 0.000000 0.180000
2426400.0 0.000000 0.160000
2430000.0 0.000000 0.160000
2433600.0 0.000000 0.180000
2437200.0 0.000000 0.280000
2440800.0 0.000000 0.400000
2444400.0 0.000000 0.450000
2448000.0 0.087183 0.500000
2451600.0 0.281663 0.550000
2455200.0 0.447154 0.580000
2458800.0 0.565395 0.600000
2462400.0 0.632349 0.580000
2466000.0 0.647439 0.550000
2469600.0 0.611384 0.520000
2473200.0 0.525539 0.550000
2476800.0 0.392385 0.680000
2480400.0 0.218236 0.880000
2484000.0 0.035110 1.000000
2487600.0 0.000000 0.950000
2491200.0 0.000000 0.750000
2494800.0 0.000000 0.520000
2498400.0 0.000000 0.350000
2502000.0 0.000000 0.260000
2505600.0 0.000000 0.220000
2509200.0 0.000000 0.180000
2512800.0 0.000000 0.160000
2516400.0 0.000000 0.160000
2520000.0 0.000000 0.180000
2523600.0 0.000000 0.280000
2527200.0 0.000000 0.400000
2530800.0 0.000000 0.450000
2534400.0 0.087306 0.500000
2538000.0 0.281807 0.550000
2541600.0 0.447466 0.580000
2545200.0 0.565908 0.600000
2548800.0 0.633050 0.580000
2552400.0 0.648297 0.550000
2556000.0 0.612366 0.520000
2559600.0 0.526612 0.550000
2563200.0 0.393525 0.680000
2566800.0 0.219438 0.880000
2570400.0 0.036055 1.000000
2574000.0 0.000000 0.950000
2577600.0 0.000000 0.750000
2581200.0 0.000000 0.520000
2584800.0 0.000000 0.350000
2588400.0 0.000000 0.260000
2592000.0 0.000000 0.220000
2595600.0 0.000000 0.180000
2599200.0 0.000000 0.160000
2602800.0 0.000000 0.160000
2606400.0 0.000000 0.180000
2610000.0 0.000000 0.280000
2613600.0 0.000000 0.400000
2617200.0 0.000000 0.450000
2620800.0 0.087483 0.500000
2624400.0 0.282003 0.550000
2628000.0 0.447816 0.580000
2631600.0 0.566447 0.600000
2635200.0 0.633765 0.580000
2638800.0 0.649158 0.550000
2642400.0 0.613339 0.520000
2646000.0 0.527665 0.550000
2649600.0 0.394638 0.680000
2653200.0 0.220608 0.880000
2656800.0 0.036986 1.000000
2660400.0 0.000000 0.950000
2664000.0 0.000000 0.750000
2667600.0 0.000000 0.520000
2671200.0 0.000000 0.350000
2674800.0 0.000000 0.260000
2678400.0 0.000000 0.220000
2682000.0 0.000000 0.180000
2685600.0 0.000000 0.160000
2689200.0 0.000000 0.160000
2692800.0 0.000000 0.180000
2696400.0 0.000000 0.280000
2700000.0 0.000000 0.400000
2703600.0 0.000000 0.450000
2707200.0 0.086072 0.500000
2710800.0 0.276432 0.550000
2714400.0 0.438199 0.580000
2718000.0 0.553523 0.600000
2721600.0 0.618665 0.580000
2725200.0 0.633312 0.550000
2728800.0 0.598335 0.520000
2732400.0 0.515072 0.550000
2736000.0 0.385813 0.680000
2739600.0 0.216471 0.880000
2743200.0 0.037057 1.000000
2746800.0 0.000000 0.950000
2750400.0 0.000000 0.750000
2754000.0 0.000000 0.520000
2757600.0 0.000000 0.350000
2761200.0 0.000000 0.260000
2764800.0 0.000000 0.220000
2768400.0 0.000000 0.180000
2772000.0 0.000000 0.160000
2775600.0 0.000000 0.160000
2779200.0 0.000000 0.180000
2782800.0 0.000000 0.280000
2786400.0 0.000000 0.400000
2790000.0 0.000000 0.450000
2793600.0 0.086348 0.500000
2797200.0 0.276716 0.550000
2800800.0 0.438610 0.580000
2804400.0 0.554092 0.600000
2808000.0 0.619380 0.580000
2811600.0 0.634144 0.550000
2815200.0 0.599255 0.520000
2818800.0 0.516052 0.550000
2822400.0 0.386835 0.680000
2826000.0 0.217542 0.880000
2829600.0 0.037934 1.000000
2833200.0 0.000000 0.950000
2836800.0 0.000000 0.750000
2840400.0 0.000000 0.520000
2844000.0 0.000000 0.350000
2847600.0 0.000000 0.260000
2851200.0 0.000000 0.220000
2854800.0 0.000000 0.180000
2858400.0 0.000000 0.160000
2862000.0 0.000000 0.160000
2865600.0 0.000000 0.180000
2869200.0 0.000000 0.280000
2872800.0 0.000000 0.400000
2876400.0 0.000000 0.450000
2880000.0 0.086674 0.500000
2883600.0 0.277047 0.550000
2887200.0 0.439055 0.580000
2890800.0 0.554683 0.600000
2894400.0 0.620103 0.580000
2898000.0 0.634974 0.550000
2901600.0 0.600162 0.520000
2905200.0 0.517009 0.550000
2908800.0 0.387826 0.680000
2912400.0 0.218578 0.880000
2916000.0 0.038793 1.000000
2919600.0 0.000000 0.950000
2923200.0 0.000000 0.750000
2926800.0 0.000000 0.520000
2930400.0 0.000000 0.350000
2934000.0 0.000000 0.260000
2937600.0 0.000000 0.220000
2941200.0 0.000000 0.180000
2944800.0 0.000000 0.160000
2948400.0 0.000000 0.160000
2952000.0 0.000000 0.180000
2955600.0 0.000000 0.280000
2959200.0 0.000000 0.400000
2962800.0 0.000000 0.450000
2966400.0 0.087050 0.500000
2970000.0 0.277425 0.550000
2973600.0 0.439534 0.580000
2977200.0 0.555294 0.600000
2980800.0 0.620835 0.580000
2984400.0 0.635801 0.550000
2988000.0 0.601055 0.520000
2991600.0 0.517943 0.550000
2995200.0 0.388787 0.680000
2998800.0 0.219579 0.880000
3002400.0 0.039633 1.000000
3006000.0 0.000000 0.950000
3009600.0 0.000000 0.750000
3013200.0 0.000000 0.520000
3016800.0 0.000000 0.350000
3020400.0 0.000000 0.260000
3024000.0 0.000000 0.220000
3027600.0 0.000000 0.180000
3031200.0 0.000000 0.160000
3034800.0 0.000000 0.160000
3038400.0 0.000000 0.180000
3042000.0 0.000000 0.280000
3045600.0 0.000000 0.400000
3049200.0 0.000000 0.450000
3052800.0 0.087475 0.500000
3056400.0 0.277846 0.550000
3060000.0 0.440045 0.580000
3063600.0 0.555924 0.600000
3067200.0 0.621574 0.580000
3070800.0 0.636623 0.550000
3074400.0 0.601932 0.520000
3078000.0 0.518851 0.550000
3081600.0 0.389715 0.680000
3085200.0 0.220543 0.880000
3088800.0 0.040453 1.000000
3092400.0 0.000000 0.950000
3096000.0 0.000000 0.750000
3099600.0 0.000000 0.520000
3103200.0 0.000000 0.350000
3106800.0 0.000000 0.260000
3110400.0 0.000000 0.220000
3114000.0 0.000000 0.180000
3117600.0 0.000000 0.160000
3121200.0 0.000000 0.160000
3124800.0 0.000000 0.180000
3128400.0 0.000000 0.280000
3132000.0 0.000000 0.400000
3135600.0 0.000000 0.450000
3139200.0 0.087948 0.500000
3142800.0 0.278312 0.550000
3146400.0 0.440586 0.580000
3150000.0 0.556572 0.600000
3153600.0 0.622317 0.580000
3157200.0 0.637438 0.550000
3160800.0 0.602792 0.520000
3164400.0 0.519734 0.550000
3168000.0 0.390609 0.680000
3171600.0 0.221471 0.880000
3175200.0 0.041251 1.000000
3178800.0 0.000000 0.950000
3182400.0 0.000000 0.750000
3186000.0 0.000000 0.520000
3189600.0 0.000000 0.350000
3193200.0 0.000000 0.260000
3196800.0 0.000000 0.220000
3200400.0 0.000000 0.180000
3204000.0 0.000000 0.160000
3207600.0 0.000000 0.160000
3211200.0 0.000000 0.180000
3214800.0 0.000000 0.280000
3218400.0 0.000000 0.400000
3222000.0 0.000000 0.450000
3225600.0 0.088469 0.500000
3229200.0 0.278819 0.550000
3232800.0 0.441157 0.580000
3236400.0 0.557236 0.600000
3240000.0 0.623064 0.580000
3243600.0 0.638245 0.550000
3247200.0 0.603634 0.520000
3250800.0 0.520589 0.550000
3254400.0 0.391469 0.680000
3258000.0 0.222360 0.880000
3261600.0 0.042028 1.000000
3265200.0 0.000000 0.950000
3268800.0 0.000000 0.750000
3272400.0 0.000000 0.520000
3276000.0 0.000000 0.350000
3279600.0 0.000000 0.260000
3283200.0 0.000000 0.220000
3286800.0 0.000000 0.180000
3290400.0 0.000000 0.160000
3294000.0 0.000000 0.160000
3297600.0 0.000000 0.180000
3301200.0 0.000000 0.280000
3304800.0 0.000000 0.400000
3308400.0 0.000000 0.450000
3312000.0 0.089035 0.500000
3315600.0 0.279368 0.550000
3319200.0 0.441756 0.580000
3322800.0 0.557915 0.600000
3326400.0 0.623814 0.580000
3330000.0 0.639043 0.550000
3333600.0 0.604457 0.520000
3337200.0 0.521415 0.550000
3340800.0 0.392293 0.680000
3344400.0 0.223211 0.880000
3348000.0 0.042781 1.000000
3351600.0 0.000000 0.950000
3355200.0 0.000000 0.750000
3358800.0 0.000000 0.520000
3362400.0 0.000000 0.350000
3366000.0 0.000000 0.260000
3369600.0 0.000000 0.220000
3373200.0 0.000000 0.180000
3376800.0 0.000000 0.160000
3380400.0 0.000000 0.160000
3384000.0 0.000000 0.180000
3387600.0 0.000000 0.280000
3391200.0 0.000000 0.400000
3394800.0 0.000000 0.450000
3398400.0 0.089648 0.500000
3402000.0 0.279957 0.550000
3405600.0 0.442382 0.580000
3409200.0 0.558607 0.600000
3412800.0 0.624564 0.580000
3416400.0 0.639830 0.550000
3420000.0 0.605258 0.520000
3423600.0 0.522211 0.550000
3427200.0 0.393081 0.680000
3430800.0 0.224022 0.880000
3434400.0 0.043511 1.000000
3438000.0 0.000000 0.950000
3441600.0 0.000000 0.750000
3445200.0 0.000000 0.520000
3448800.0 0.000000 0.350000
3452400.0 0.000000 0.260000
3456000.0 0.000000 0.220000
3459600.0 0.000000 0.180000
3463200.0 0.000000 0.160000
3466800.0 0.000000 0.160000
3470400.0 0.000000 0.180000
3474000.0 0.000000 0.280000
3477600.0 0.000000 0.400000
3481200.0 0.000000 0.450000
3484800.0 0.090305 0.500000
3488400.0 0.280585 0.550000
3492000.0 0.443034 0.580000
3495600.0 0.559312 0.600000
3499200.0 0.625314 0.580000
3502800.0 0.640605 0.550000
3506400.0 0.606036 0.520000
3510000.0 0.522976 0.550000
3513600.0 0.393831 0.680000
3517200.0 0.224792 0.880000
3520800.0 0.044215 1.000000
3524400.0 0.000000 0.950000
3528000.0 0.000000 0.750000
3531600.0 0.000000 0.520000
3535200.0 0.000000 0.350000
3538800.0 0.000000 0.260000
3542400.0 0.000000 0.220000
3546000.0 0.000000 0.180000
3549600.0 0.000000 0.160000
3553200.0 0.000000 0.160000
3556800.0 0.000000 0.180000
3560400.0 0.000000 0.280000
3564000.0 0.000000 0.400000
3567600.0 0.000000 0.450000
3571200.0 0.091007 0.500000
3574800.0 0.281251 0.550000
3578400.0 0.443710 0.580000
3582000.0 0.560028 0.600000
3585600.0 0.626062 0.580000
3589200.0 0.641367 0.550000
3592800.0 0.606791 0.520000
3596400.0 0.523709 0.550000
3600000.0 0.394542 0.680000
3603600.0 0.225522 0.880000
3607200.0 0.044893 1.000000
3610800.0 0.000000 0.950000
3614400.0 0.000000 0.750000
3618000.0 0.000000 0.520000
3621600.0 0.000000 0.350000
3625200.0 0.000000 0.260000
3628800.0 0.000000 0.220000
3632400.0 0.000000 0.180000
3636000.0 0.000000 0.160000
3639600.0 0.000000 0.160000
3643200.0 0.000000 0.180000
3646800.0 0.000000 0.280000
3650400.0 0.000000 0.400000
3654000.0 0.000000 0.450000
3657600.0 0.091751 0.500000
3661200.0 0.281953 0.550000
3664800.0 0.444410 0.580000
3668400.0 0.560753 0.600000
3672000.0 0.626806 0.580000
3675600.0 0.642113 0.550000
3679200.0 0.607521 0.520000
3682800.0 0.524408 0.550000
3686400.0 0.395213 0.680000
3690000.0 0.226209 0.880000
3693600.0 0.045545 1.000000
3697200.0 0.000000 0.950000
3700800.0 0.000000 0.750000
3704400.0 0.000000 0.520000
3708000.0 0.000000 0.350000
3711600.0 0.000000 0.260000
3715200.0 0.000000 0.220000
3718800.0 0.000000 0.180000
3722400.0 0.000000 0.160000
3726000.0 0.000000 0.160000
3729600.0 0.000000 0.180000
3733200.0 0.000000 0.280000
3736800.0 0.000000 0.400000
3740400.0 0.000000 0.450000
3744000.0 0.092538 0.500000
3747600.0 0.282691 0.550000
3751200.0 0.445131 0.580000
3754800.0 0.561486 0.600000
3758400.0 0.627546 0.580000
3762000.0 0.642844 0.550000
3765600.0 0.608224 0.520000
3769200.0 0.525072 0.550000
3772800.0 0.395844 0.680000
3776400.0 0.226854 0.880000
3780000.0 0.046170 1.000000
3783600.0 0.000000 0.950000
3787200.0 0.000000 0.750000
3790800.0 0.000000 0.520000
3794400.0 0.000000 0.350000
3798000.0 0.000000 0.260000
3801600.0 0.000000 0.220000
3805200.0 0.000000 0.180000
3808800.0 0.000000 0.160000
3812400.0 0.000000 0.160000
3816000.0 0.000000 0.180000
3819600.0 0.000000 0.280000
3823200.0 0.000000 0.400000
3826800.0 0.000000 0.450000
3830400.0 0.093367 0.500000
3834000.0 0.283463 0.550000
3837600.0 0.445873 0.580000
3841200.0 0.562225 0.600000
3844800.0 0.628280 0.580000
3848400.0 0.643556 0.550000
3852000.0 0.608900 0.520000
3855600.0 0.525701 0.550000
3859200.0 0.396433 0.680000
3862800.0 0.227456 0.880000
3866400.0 0.046767 1.000000
3870000.0 0.000000 0.950000
3873600.0 0.000000 0.750000
3877200.0 0.000000 0.520000
3880800.0 0.000000 0.350000
3884400.0 0.000000 0.260000
3888000.0 0.000000 0.220000
3891600.0 0.000000 0.180000
3895200.0 0.000000 0.160000
3898800.0 0.000000 0.160000
3902400.0 0.000000 0.180000
3906000.0 0.000000 0.280000
3909600.0 0.000000 0.400000
3913200.0 0.000000 0.450000
3916800.0 0.094309 0.500000
3920400.0 0.284374 0.550000
3924000.0 0.446746 0.580000
3927600.0 0.563083 0.600000
3931200.0 0.629117 0.580000
3934800.0 0.644361 0.550000
3938400.0 0.609658 0.520000
3942000.0 0.526403 0.550000
3945600.0 0.397089 0.680000
3949200.0 0.228114 0.880000
3952800.0 0.047387 1.000000
3956400.0 0.000000 0.950000
3960000.0 0.000000 0.750000
3963600.0 0.000000 0.520000
3967200.0 0.000000 0.350000
3970800.0 0.000000 0.260000
3974400.0 0.000000 0.220000
3978000.0 0.000000 0.180000
3981600.0 0.000000 0.160000
3985200.0 0.000000 0.160000
3988800.0 0.000000 0.180000
3992400.0 0.000000 0.280000
3996000.0 0.000000 0.400000
3999600.0 0.000000 0.450000
4003200.0 0.095363 0.500000
4006800.0 0.285421 0.550000
4010400.0 0.447749 0.580000
4014000.0 0.564056 0.600000
4017600.0 0.630056 0.580000
4021200.0 0.645255 0.550000
4024800.0 0.610495 0.520000
4028400.0 0.527178 0.550000
4032000.0 0.397810 0.680000
4035600.0 0.228825 0.880000
4039200.0 0.048029 1.000000
4042800.0 0.000000 0.950000
4046400.0 0.000000 0.750000
4050000.0 0.000000 0.520000
4053600.0 0.000000 0.350000
4057200.0 0.000000 0.260000
4060800.0 0.000000 0.220000
4064400.0 0.000000 0.180000
4068000.0 0.000000 0.160000
4071600.0 0.000000 0.160000
4075200.0 0.000000 0.180000
4078800.0 0.000000 0.280000
4082400.0 0.000000 0.400000
4086000.0 0.000000 0.450000
4089600.0 0.096455 0.500000
4093200.0 0.286497 0.550000
4096800.0 0.448766 0.580000
4100400.0 0.565030 0.600000
4104000.0 0.630984 0.580000
4107600.0 0.646126 0.550000
4111200.0 0.611300 0.520000
4114800.0 0.527913 0.550000
4118400.0 0.398487 0.680000
4122000.0 0.229491 0.880000
4125600.0 0.048642 1.000000
4129200.0 0.000000 0.950000
4132800.0 0.000000 0.750000
4136400.0 0.000000 0.520000
4140000.0 0.000000 0.350000
4143600.0 0.000000 0.260000
4147200.0 0.000000 0.220000
4150800.0 0.000000 0.180000
4154400.0 0.000000 0.160000
4158000.0 0.000000 0.160000
4161600.0 0.000000 0.180000
4165200.0 0.000000 0.280000
4168800.0 0.000000 0.400000
4172400.0 0.000000 0.450000
4176000.0 0.097584 0.500000
4179600.0 0.287598 0.550000
4183200.0 0.449795 0.580000
4186800.0 0.566003 0.600000
4190400.0 0.631899 0.580000
4194000.0 0.646974 0.550000
4197600.0 0.612073 0.520000
4201200.0 0.528608 0.550000
4204800.0 0.399118 0.680000
4208400.0 0.230113 0.880000
4212000.0 0.049227 1.000000
4215600.0 0.000000 0.950000
4219200.0 0.000000 0.750000
4222800.0 0.000000 0.520000
4226400.0 0.000000 0.350000
4230000.0 0.000000 0.260000
4233600.0 0.000000 0.220000
4237200.0 0.000000 0.180000
4240800.0 0.000000 0.160000
4244400.0 0.000000 0.160000
4248000.0 0.000000 0.180000
4251600.0 0.000000 0.280000
4255200.0 0.000000 0.400000
4258800.0 0.000000 0.450000
4262400.0 0.098747 0.500000
4266000.0 0.288725 0.550000
4269600.0 0.450837 0.580000
4273200.0 0.566975 0.600000
4276800.0 0.632800 0.580000
4280400.0 0.647797 0.550000
4284000.0 0.612812 0.520000
4287600.0 0.529263 0.550000
4291200.0 0.399705 0.680000
4294800.0 0.230689 0.880000
4298400.0 0.049783 1.000000
4302000.0 0.000000 0.950000
4305600.0 0.000000 0.750000
4309200.0 0.000000 0.520000
4312800.0 0.000000 0.350000
4316400.0 0.000000 0.260000
4320000.0 0.000000 0.220000
4323600.0 0.000000 0.180000
4327200.0 0.000000 0.160000
4330800.0 0.000000 0.160000
4334400.0 0.000000 0.180000
4338000.0 0.000000 0.280000
4341600.0 0.000000 0.400000
4345200.0 0.000000 0.450000
4348800.0 0.099944 0.500000
4352400.0 0.289875 0.550000
4356000.0 0.451887 0.580000
4359600.0 0.567943 0.600000
4363200.0 0.633685 0.580000
4366800.0 0.648595 0.550000
4370400.0 0.613517 0.520000
4374000.0 0.529876 0.550000
4377600.0 0.400247 0.680000
4381200.0 0.231220 0.880000
4384800.0 0.050310 1.000000
4388400.0 0.000000 0.950000
4392000.0 0.000000 0.750000
4395600.0 0.000000 0.520000
4399200.0 0.000000 0.350000
4402800.0 0.000000 0.260000
4406400.0 0.000000 0.220000
4410000.0 0.000000 0.180000
4413600.0 0.000000 0.160000
4417200.0 0.000000 0.160000
4420800.0 0.000000 0.180000
4424400.0 0.000000 0.280000
4428000.0 0.000000 0.400000
4431600.0 0.000001 0.450000
4435200.0 0.101173 0.500000
4438800.0 0.291045 0.550000
4442400.0 0.452946 0.580000
4446000.0 0.568906 0.600000
4449600.0 0.634554 0.580000
4453200.0 0.649365 0.550000
4456800.0 0.614186 0.520000
4460400.0 0.530447 0.550000
4464000.0 0.400743 0.680000
4467600.0 0.231706 0.880000
4471200.0 0.050809 1.000000
4474800.0 0.000000 0.950000
4478400.0 0.000000 0.750000
4482000.0 0.000000 0.520000
4485600.0 0.000000 0.350000
4489200.0 0.000000 0.260000
4492800.0 0.000000 0.220000
4496400.0 0.000000 0.180000
4500000.0 0.000000 0.160000
4503600.0 0.000000 0.160000
4507200.0 0.000000 0.180000
4510800.0 0.000000 0.280000
4514400.0 0.000000 0.400000
4518000.0 0.000001 0.450000
4521600.0 0.102432 0.500000
4525200.0 0.292236 0.550000
4528800.0 0.454011 0.580000
4532400.0 0.569863 0.600000
4536000.0 0.635405 0.580000
4539600.0 0.650108 0.550000
4543200.0 0.614820 0.520000
4546800.0 0.530977 0.550000
4550400.0 0.401194 0.680000
4554000.0 0.232148 0.880000
4557600.0 0.051280 1.000000
4561200.0 0.000000 0.950000
4564800.0 0.000000 0.750000
4568400.0 0.000000 0.520000
4572000.0 0.000000 0.350000
4575600.0 0.000000 0.260000
4579200.0 0.000000 0.220000
4582800.0 0.000000 0.180000
4586400.0 0.000000 0.160000
4590000.0 0.000000 0.160000
4593600.0 0.000000 0.180000
4597200.0 0.000000 0.280000
4600800.0 0.000000 0.400000
4604400.0 0.000003 0.450000
4608000.0 0.103720 0.500000
4611600.0 0.293444 0.550000
4615200.0 0.455081 0.580000
4618800.0 0.570811 0.600000
4622400.0 0.636237 0.580000
4626000.0 0.650823 0.550000
4629600.0 0.615417 0.520000
4633200.0 0.531465 0.550000
4636800.0 0.401599 0.680000
4640400.0 0.232546 0.880000
4644000.0 0.051722 1.000000
4647600.0 0.000000 0.950000
4651200.0 0.000000 0.750000
4654800.0 0.000000 0.520000
4658400.0 0.000000 0.350000
4662000.0 0.000000 0.260000
4665600.0 0.000000 0.220000
4669200.0 0.000000 0.180000
4672800.0 0.000000 0.160000
4676400.0 0.000000 0.160000
4680000.0 0.000000 0.180000
4683600.0 0.000000 0.280000
4687200.0 0.000000 0.400000
4690800.0 0.000005 0.450000
4694400.0 0.105035 0.500000
4698000.0 0.294668 0.550000
4701600.0 0.456155 0.580000
4705200.0 0.571751 0.600000
4708800.0 0.637049 0.580000
4712400.0 0.651507 0.550000
4716000.0 0.615977 0.520000
4719600.0 0.531910 0.550000
4723200.0 0.401959 0.680000
4726800.0 0.232900 0.880000
4730400.0 0.052137 1.000000
4734000.0 0.000000 0.950000
4737600.0 0.000000 0.750000
4741200.0 0.000000 0.520000
4744800.0 0.000000 0.350000
4748400.0 0.000000 0.260000
4752000.0 0.000000 0.220000
4755600.0 0.000000 0.180000
4759200.0 0.000000 0.160000
4762800.0 0.000000 0.160000
4766400.0 0.000000 0.180000
4770000.0 0.000000 0.280000
4773600.0 0.000000 0.400000
4777200.0 0.000008 0.450000
4780800.0 0.106377 0.500000
4784400.0 0.295907 0.550000
4788000.0 0.457229 0.580000
4791600.0 0.572680 0.600000
4795200.0 0.637839 0.580000
4798800.0 0.652162 0.550000
4802400.0 0.616499 0.520000
4806000.0 0.532312 0.550000
4809600.0 0.402274 0.680000
4813200.0 0.233211 0.880000
4816800.0 0.052523 1.000000
4820400.0 0.000000 0.950000
4824000.0 0.000000 0.750000
4827600.0 0.000000 0.520000
4831200.0 0.000000 0.350000
4834800.0 0.000000 0.260000
4838400.0 0.000000 0.220000
4842000.0 0.000000 0.180000
4845600.0 0.000000 0.160000
4849200.0 0.000000 0.160000
4852800.0 0.000000 0.180000
4856400.0 0.000000 0.280000
4860000.0 0.000000 0.400000
4863600.0 0.000012 0.450000
4867200.0 0.107742 0.500000
4870800.0 0.297158 0.550000
4874400.0 0.458304 0.580000
4878000.0 0.573597 0.600000
4881600.0 0.638607 0.580000
4885200.0 0.652785 0.550000
4888800.0 0.616983 0.520000
4892400.0 0.532671 0.550000
4896000.0 0.402545 0.680000
4899600.0 0.233479 0.880000
4903200.0 0.052883 1.000000
4906800.0 0.000000 0.950000
4910400.0 0.000000 0.750000
4914000.0 0.000000 0.520000
4917600.0 0.000000 0.350000
4921200.0 0.000000 0.260000
4924800.0 0.000000 0.220000
4928400.0 0.000000 0.180000
4932000.0 0.000000 0.160000
4935600.0 0.000000 0.160000
4939200.0 0.000000 0.180000
4942800.0 0.000000 0.280000
4946400.0 0.000000 0.400000
4950000.0 0.000018 0.450000
4953600.0 0.109130 0.500000
4957200.0 0.298420 0.550000
4960800.0 0.459377 0.580000
4964400.0 0.574501 0.600000
4968000.0 0.639351 0.580000
4971600.0 0.653376 0.550000
4975200.0 0.617429 0.520000
4978800.0 0.532988 0.550000
4982400.0 0.402770 0.680000
4986000.0 0.233705 0.880000
4989600.0 0.053216 1.000000
4993200.0 0.000000 0.950000
4996800.0 0.000000 0.750000
5000400.0 0.000000 0.520000
5004000.0 0.000000 0.350000
5007600.0 0.000000 0.260000
5011200.0 0.000000 0.220000
5014800.0 0.000000 0.180000
5018400.0 0.000000 0.160000
5022000.0 0.000000 0.160000
5025600.0 0.000000 0.180000
5029200.0 0.000000 0.280000
5032800.0 0.000000 0.400000
5036400.0 0.000027 0.450000
5040000.0 0.110538 0.500000
5043600.0 0.299691 0.550000
5047200.0 0.460447 0.580000
5050800.0 0.575390 0.600000
5054400.0 0.640070 0.580000
5058000.0 0.653934 0.550000
5061600.0 0.617835 0.520000
5065200.0 0.533261 0.550000
5068800.0 0.402951 0.680000
5072400.0 0.233890 0.880000
5076000.0 0.053523 1.000000
5079600.0 0.000000 0.950000
5083200.0 0.000000 0.750000
5086800.0 0.000000 0.520000
5090400.0 0.000000 0.350000
5094000.0 0.000000 0.260000
5097600.0 0.000000 0.220000
5101200.0 0.000000 0.180000
5104800.0 0.000000 0.160000
5108400.0 0.000000 0.160000
5112000.0 0.000000 0.180000
5115600.0 0.000000 0.280000
5119200.0 0.000000 0.400000
5122800.0 0.000039 0.450000
5126400.0 0.111966 0.500000
5130000.0 0.300969 0.550000
5133600.0 0.461512 0.580000
5137200.0 0.576262 0.600000
5140800.0 0.640764 0.580000
5144400.0 0.654458 0.550000
5148000.0 0.618203 0.520000
5151600.0 0.533491 0.550000
5155200.0 0.403088 0.680000
5158800.0 0.234034 0.880000
5162400.0 0.053804 1.000000
5166000.0 0.000000 0.950000
5169600.0 0.000000 0.750000
5173200.0 0.000000 0.520000
5176800.0 0.000000 0.350000
5180400.0 0.000000 0.260000
5184000.0 0.000000 0.220000
5187600.0 0.000000 0.180000
5191200.0 0.000000 0.160000
5194800.0 0.000000 0.160000
5198400.0 0.000000 0.180000
5202000.0 0.000000 0.280000
5205600.0 0.000000 0.400000
5209200.0 0.000053 0.450000
5212800.0 0.110715 0.500000
5216400.0 0.294950 0.550000
5220000.0 0.451219 0.580000
5223600.0 0.562766 0.600000
5227200.0 0.625328 0.580000
5230800.0 0.638430 0.550000
5234400.0 0.602940 0.520000
5238000.0 0.520306 0.550000
5241600.0 0.393185 0.680000
5245200.0 0.228412 0.880000
5248800.0 0.052757 1.000000
5252400.0 0.000000 0.950000
5256000.0 0.000000 0.750000
5259600.0 0.000000 0.520000
5263200.0 0.000000 0.350000
5266800.0 0.000000 0.260000
5270400.0 0.000000 0.220000
5274000.0 0.000000 0.180000
5277600.0 0.000000 0.160000
5281200.0 0.000000 0.160000
5284800.0 0.000000 0.180000
5288400.0 0.000000 0.280000
5292000.0 0.000000 0.400000
5295600.0 0.000074 0.450000
5299200.0 0.112142 0.500000
5302800.0 0.296206 0.550000
5306400.0 0.452243 0.580000
5310000.0 0.563582 0.600000
5313600.0 0.625951 0.580000
5317200.0 0.638873 0.550000
5320800.0 0.603220 0.520000
5324400.0 0.520446 0.550000
5328000.0 0.393234 0.680000
5331600.0 0.228475 0.880000
5335200.0 0.052983 1.000000
5338800.0 0.000000 0.950000
5342400.0 0.000000 0.750000
5346000.0 0.000000 0.520000
5349600.0 0.000000 0.350000
5353200.0 0.000000 0.260000
5356800.0 0.000000 0.220000
5360400.0 0.000000 0.180000
5364000.0 0.000000 0.160000
5367600.0 0.000000 0.160000
5371200.0 0.000000 0.180000
5374800.0 0.000000 0.280000
5378400.0 0.000000 0.400000
5382000.0 0.000101 0.450000
5385600.0 0.113582 0.500000
5389200.0 0.297465 0.550000
5392800.0 0.453259 0.580000
5396400.0 0.564378 0.600000
5400000.0 0.626546 0.580000
5403600.0 0.639282 0.550000
5407200.0 0.603460 0.520000
5410800.0 0.520544 0.550000
5414400.0 0.393241 0.680000
5418000.0 0.228500 0.880000
5421600.0 0.053186 1.000000
5425200.0 0.000000 0.950000
5428800.0 0.000000 0.750000
5432400.0 0.000000 0.520000
5436000.0 0.000000 0.350000
5439600.0 0.000000 0.260000
5443200.0 0.000000 0.220000
5446800.0 0.000000 0.180000
5450400.0 0.000000 0.160000
5454000.0 0.000000 0.160000
5457600.0 0.000000 0.180000
5461200.0 0.000000 0.280000
5464800.0 0.000000 0.400000
5468400.0 0.000136 0.450000
5472000.0 0.115035 0.500000
5475600.0 0.298723 0.550000
5479200.0 0.454264 0.580000
5482800.0 0.565154 0.600000
5486400.0 0.627113 0.580000
5490000.0 0.639657 0.550000
5493600.0 0.603661 0.520000
5497200.0 0.520601 0.550000
5500800.0 0.393207 0.680000
5504400.0 0.228488 0.880000
5508000.0 0.053365 1.000000
5511600.0 0.000000 0.950000
5515200.0 0.000000 0.750000
5518800.0 0.000000 0.520000
5522400.0 0.000000 0.350000
5526000.0 0.000000 0.260000
5529600.0 0.000000 0.220000
5533200.0 0.000000 0.180000
5536800.0 0.000000 0.160000
5540400.0 0.000000 0.160000
5544000.0 0.000000 0.180000
5547600.0 0.000000 0.280000
5551200.0 0.000000 0.400000
5554800.0 0.000180 0.450000
5558400.0 0.116498 0.500000
5562000.0 0.299982 0.550000
5565600.0 0.455258 0.580000
5569200.0 0.565909 0.600000
5572800.0 0.627650 0.580000
5576400.0 0.639995 0.550000
5580000.0 0.603823 0.520000
5583600.0 0.520615 0.550000
5587200.0 0.393131 0.680000
5590800.0 0.228440 0.880000
5594400.0 0.053523 1.000000
5598000.0 0.000000 0.950000
5601600.0 0.000000 0.750000
5605200.0 0.000000 0.520000
5608800.0 0.000000 0.350000
5612400.0 0.000000 0.260000
5616000.0 0.000000 0.220000
5619600.0 0.000000 0.180000
5623200.0 0.000000 0.160000
5626800.0 0.000000 0.160000
5630400.0 0.000000 0.180000
5634000.0 0.000000 0.280000
5637600.0 0.000000 0.400000
5641200.0 0.000234 0.450000
5644800.0 0.117971 0.500000
5648400.0 0.301237 0.550000
5652000.0 0.456239 0.580000
5655600.0 0.566641 0.600000
5659200.0 0.628157 0.580000
5662800.0 0.640298 0.550000
5666400.0 0.603944 0.520000
5670000.0 0.520588 0.550000
5673600.0 0.393015 0.680000
5677200.0 0.228356 0.880000
5680800.0 0.053659 1.000000
5684400.0 0.000000 0.950000
5688000.0 0.000000 0.750000
5691600.0 0.000000 0.520000
5695200.0 0.000000 0.350000
5698800.0 0.000000 0.260000
5702400.0 0.000000 0.220000
5706000.0 0.000000 0.180000
5709600.0 0.000000 0.160000
5713200.0 0.000000 0.160000
5716800.0 0.000000 0.180000
5720400.0 0.000000 0.280000
5724000.0 0.000000 0.400000
5727600.0 0.000302 0.450000
5731200.0 0.119451 0.500000
5734800.0 0.302489 0.550000
5738400.0 0.457205 0.580000
5742000.0 0.567350 0.600000
5745600.0 0.628633 0.580000
5749200.0 0.640564 0.550000
5752800.0 0.604025 0.520000
5756400.0 0.520520 0.550000
5760000.0 0.392858 0.680000
5763600.0 0.228236 0.880000
5767200.0 0.053774 1.000000
5770800.0 0.000000 0.950000
5774400.0 0.000000 0.750000
5778000.0 0.000000 0.520000
5781600.0 0.000000 0.350000
5785200.0 0.000000 0.260000
5788800.0 0.000000 0.220000
5792400.0 0.000000 0.180000
5796000.0 0.000000 0.160000
5799600.0 0.000000 0.160000
5803200.0 0.000000 0.180000
5806800.0 0.000000 0.280000
5810400.0 0.000000 0.400000
5814000.0 0.000383 0.450000
5817600.0 0.120938 0.500000
5821200.0 0.303736 0.550000
5824800.0 0.458156 0.580000
5828400.0 0.568035 0.600000
5832000.0 0.629078 0.580000
5835600.0 0.640793 0.550000
5839200.0 0.604066 0.520000
5842800.0 0.520410 0.550000
5846400.0 0.392662 0.680000
5850000.0 0.228083 0.880000
5853600.0 0.053869 1.000000
5857200.0 0.000000 0.950000
5860800.0 0.000000 0.750000
5864400.0 0.000000 0.520000
5868000.0 0.000000 0.350000
5871600.0 0.000000 0.260000
5875200.0 0.000000 0.220000
5878800.0 0.000000 0.180000
5882400.0 0.000000 0.160000
5886000.0 0.000000 0.160000
5889600.0 0.000000 0.180000
5893200.0 0.000000 0.280000
5896800.0 0.000000 0.400000
5900400.0 0.000481 0.450000
5904000.0 0.122429 0.500000
5907600.0 0.304976 0.550000
5911200.0 0.459091 0.580000
5914800.0 0.568695 0.600000
5918400.0 0.629491 0.580000
5922000.0 0.640986 0.550000
5925600.0 0.604067 0.520000
5929200.0 0.520259 0.550000
5932800.0 0.392427 0.680000
5936400.0 0.227895 0.880000
5940000.0 0.053943 1.000000
5943600.0 0.000000 0.950000
5947200.0 0.000000 0.750000
5950800.0 0.000000 0.520000
5954400.0 0.000000 0.350000
5958000.0 0.000000 0.260000
5961600.0 0.000000 0.220000
5965200.0 0.000000 0.180000
5968800.0 0.000000 0.160000
5972400.0 0.000000 0.160000
5976000.0 0.000000 0.180000
5979600.0 0.000000 0.280000
5983200.0 0.000000 0.400000
5986800.0 0.000598 0.450000
5990400.0 0.123925 0.500000
5994000.0 0.306209 0.550000
5997600.0 0.460009 0.580000
6001200.0 0.569328 0.600000
6004800.0 0.629871 0.580000
6008400.0 0.641141 0.550000
6012000.0 0.604028 0.520000
6015600.0 0.520067 0.550000
6019200.0 0.392152 0.680000
6022800.0 0.227675 0.880000
6026400.0 0.053998 1.000000
6030000.0 0.000000 0.950000
6033600.0 0.000000 0.750000
6037200.0 0.000000 0.520000
6040800.0 0.000000 0.350000
6044400.0 0.000000 0.260000
6048000.0 0.000000 0.220000
6051600.0 0.000000 0.180000
6055200.0 0.000000 0.160000
6058800.0 0.000000 0.160000
6062400.0 0.000000 0.180000
6066000.0 0.000000 0.280000
6069600.0 0.000000 0.400000
6073200.0 0.000734 0.450000
6076800.0 0.125423 0.500000
6080400.0 0.307433 0.550000
6084000.0 0.460908 0.580000
6087600.0 0.569936 0.600000
6091200.0 0.630218 0.580000
6094800.0 0.641258 0.550000
6098400.0 0.603948 0.520000
6102000.0 0.519834 0.550000
6105600.0 0.391840 0.680000
6109200.0 0.227422 0.880000
6112800.0 0.054034 1.000000
6116400.0 0.000000 0.950000
6120000.0 0.000000 0.750000
6123600.0 0.000000 0.520000
6127200.0 0.000000 0.350000
6130800.0 0.000000 0.260000
6134400.0 0.000000 0.220000
6138000.0 0.000000 0.180000
6141600.0 0.000000 0.160000
6145200.0 0.000000 0.160000
6148800.0 0.000000 0.180000
6152400.0 0.000000 0.280000
6156000.0 0.000000 0.400000
6159600.0 0.000893 0.450000
6163200.0 0.126921 0.500000
6166800.0 0.308647 0.550000
6170400.0 0.461788 0.580000
6174000.0 0.570515 0.600000
6177600.0 0.630532 0.580000
6181200.0 0.641337 0.550000
6184800.0 0.603828 0.520000
6188400.0 0.519561 0.550000
6192000.0 0.391489 0.680000
6195600.0 0.227137 0.880000
6199200.0 0.054052 1.000000
6202800.0 0.000000 0.950000
6206400.0 0.000000 0.750000
6210000.0 0.000000 0.520000
6213600.0 0.000000 0.350000
6217200.0 0.000000 0.260000
6220800.0 0.000000 0.220000
6224400.0 0.000000 0.180000
6228000.0 0.000000 0.160000
6231600.0 0.000000 0.160000
6235200.0 0.000000 0.180000
6238800.0 0.000000 0.280000
6242400.0 0.000000 0.400000
6246000.0 0.001075 0.450000
6249600.0 0.128420 0.500000
6253200.0 0.309850 0.550000
6256800.0 0.462648 0.580000
6260400.0 0.571067 0.600000
6264000.0 0.630811 0.580000
6267600.0 0.641379 0.550000
6271200.0 0.603668 0.520000
6274800.0 0.519248 0.550000
6278400.0 0.391101 0.680000
6282000.0 0.226821 0.880000
6285600.0 0.054052 1.000000
6289200.0 0.000000 0.950000
6292800.0 0.000000 0.750000
6296400.0 0.000000 0.520000
6300000.0 0.000000 0.350000
6303600.0 0.000000 0.260000
6307200.0 0.000000 0.220000
6310800.0 0.000000 0.180000
6314400.0 0.000000 0.160000
6318000.0 0.000000 0.160000
6321600.0 0.000000 0.180000
6325200.0 0.000000 0.280000
6328800.0 0.000000 0.400000
6332400.0 0.001282 0.450000
6336000.0 0.129917 0.500000
6339600.0 0.311041 0.550000
6343200.0 0.463486 0.580000
6346800.0 0.571591 0.600000
6350400.0 0.631056 0.580000
6354000.0 0.641382 0.550000
6357600.0 0.603468 0.520000
6361200.0 0.518895 0.550000
6364800.0 0.390676 0.680000
6368400.0 0.226475 0.880000
6372000.0 0.054035 1.000000
6375600.0 0.000000 0.950000
6379200.0 0.000000 0.750000
6382800.0 0.000000 0.520000
6386400.0 0.000000 0.350000
6390000.0 0.000000 0.260000
6393600.0 0.000000 0.220000
6397200.0 0.000000 0.180000
6400800.0 0.000000 0.160000
6404400.0 0.000000 0.160000
6408000.0 0.000000 0.180000
6411600.0 0.000000 0.280000
6415200.0 0.000000 0.400000
6418800.0 0.001517 0.450000
6422400.0 0.131411 0.500000
6426000.0 0.312218 0.550000
6429600.0 0.464302 0.580000
6433200.0 0.572084 0.600000
6436800.0 0.631267 0.580000
6440400.0 0.641347 0.550000
6444000.0 0.603228 0.520000
6447600.0 0.518503 0.550000
6451200.0 0.390216 0.680000
6454800.0 0.226099 0.880000
6458400.0 0.054002 1.000000
6462000.0 0.000000 0.950000
6465600.0 0.000000 0.750000
6469200.0 0.000000 0.520000
6472800.0 0.000000 0.350000
6476400.0 0.000000 0.260000
6480000.0 0.000000 0.220000
6483600.0 0.000000 0.180000
6487200.0 0.000000 0.160000
6490800.0 0.000000 0.160000
6494400.0 0.000000 0.180000
6498000.0 0.000000 0.280000
6501600.0 0.000000 0.400000
6505200.0 0.001773 0.450000
6508800.0 0.132804 0.500000
6512400.0 0.313253 0.550000
6516000.0 0.464960 0.580000
6519600.0 0.572412 0.600000
6523200.0 0.631307 0.580000
6526800.0 0.641139 0.550000
6530400.0 0.602815 0.520000
6534000.0 0.517940 0.550000
6537600.0 0.389591 0.680000
6541200.0 0.225582 0.880000
6544800.0 0.053892 1.000000
6548400.0 0.000000 0.950000
6552000.0 0.000000 0.750000
6555600.0 0.000000 0.520000
6559200.0 0.000000 0.350000
6562800.0 0.000000 0.260000
6566400.0 0.000000 0.220000
6570000.0 0.000000 0.180000
6573600.0 0.000000 0.160000
6577200.0 0.000000 0.160000
6580800.0 0.000000 0.180000
6584400.0 0.000000 0.280000
6588000.0 0.000000 0.400000
6591600.0 0.002051 0.450000
6595200.0 0.134095 0.500000
6598800.0 0.314146 0.550000
6602400.0 0.465461 0.580000
6606000.0 0.572574 0.600000
6609600.0 0.631178 0.580000
6613200.0 0.640760 0.550000
6616800.0 0.602230 0.520000
6620400.0 0.517207 0.550000
6624000.0 0.388806 0.680000
6627600.0 0.224925 0.880000
6631200.0 0.053707 1.000000
6634800.0 0.000000 0.950000
6638400.0 0.000000 0.750000
6642000.0 0.000000 0.520000
6645600.0 0.000000 0.350000
6649200.0 0.000000 0.260000
6652800.0 0.000000 0.220000
6656400.0 0.000000 0.180000
6660000.0 0.000000 0.160000
6663600.0 0.000000 0.160000
6667200.0 0.000000 0.180000
6670800.0 0.000000 0.280000
6674400.0 0.000000 0.400000
6678000.0 0.002356 0.450000
6681600.0 0.135379 0.500000
6685200.0 0.315025 0.550000
6688800.0 0.465938 0.580000
6692400.0 0.572707 0.600000
6696000.0 0.631015 0.580000
6699600.0 0.640345 0.550000
6703200.0 0.601609 0.520000
6706800.0 0.516439 0.550000
6710400.0 0.387989 0.680000
6714000.0 0.224246 0.880000
6717600.0 0.053511 1.000000
6721200.0 0.000000 0.950000
6724800.0 0.000000 0.750000
6728400.0 0.000000 0.520000
6732000.0 0.000000 0.350000
6735600.0 0.000000 0.260000
6739200.0 0.000000 0.220000
6742800.0 0.000000 0.180000
6746400.0 0.000000 0.160000
6750000.0 0.000000 0.160000
6753600.0 0.000000 0.180000
6757200.0 0.000000 0.280000
6760800.0 0.000000 0.400000
6764400.0 0.002688 0.450000
6768000.0 0.136656 0.500000
6771600.0 0.315887 0.550000
6775200.0 0.466391 0.580000
6778800.0 0.572810 0.600000
6782400.0 0.630818 0.580000
6786000.0 0.639893 0.550000
6789600.0 0.600950 0.520000
6793200.0 0.515636 0.550000
6796800.0 0.387142 0.680000
6800400.0 0.223544 0.880000
6804000.0 0.053304 1.000000
6807600.0 0.000000 0.950000
6811200.0 0.000000 0.750000
6814800.0 0.000000 0.520000
6818400.0 0.000000 0.350000
6822000.0 0.000000 0.260000
6825600.0 0.000000 0.220000
6829200.0 0.000000 0.180000
6832800.0 0.000000 0.160000
6836400.0 0.000000 0.160000
6840000.0 0.000000 0.180000
6843600.0 0.000000 0.280000
6847200.0 0.000000 0.400000
6850800.0 0.003048 0.450000
6854400.0 0.137924 0.500000
6858000.0 0.316731 0.550000
6861600.0 0.466820 0.580000
6865200.0 0.572883 0.600000
6868800.0 0.630586 0.580000
6872400.0 0.639406 0.550000
6876000.0 0.600256 0.520000
6879600.0 0.514800 0.550000
6883200.0 0.386267 0.680000
6886800.0 0.222821 0.880000
6890400.0 0.053087 1.000000
6894000.0 0.000000 0.950000
6897600.0 0.000000 0.750000
6901200.0 0.000000 0.520000
6904800.0 0.000000 0.350000
6908400.0 0.000000 0.260000
6912000.0 0.000000 0.220000
6915600.0 0.000000 0.180000
6919200.0 0.000000 0.160000
6922800.0 0.000000 0.160000
6926400.0 0.000000 0.180000
6930000.0 0.000000 0.280000
6933600.0 0.000000 0.400000
6937200.0 0.003436 0.450000
6940800.0 0.139181 0.500000
6944400.0 0.317557 0.550000
6948000.0 0.467224 0.580000
6951600.0 0.572925 0.600000
6955200.0 0.630321 0.580000
6958800.0 0.638882 0.550000
6962400.0 0.599526 0.520000
6966000.0 0.513931 0.550000
6969600.0 0.385364 0.680000
6973200.0 0.222079 0.880000
6976800.0 0.052862 1.000000
6980400.0 0.000000 0.950000
6984000.0 0.000000 0.750000
6987600.0 0.000000 0.520000
6991200.0 0.000000 0.350000
6994800.0 0.000000 0.260000
6998400.0 0.000000 0.220000
7002000.0 0.000000 0.180000
7005600.0 0.000000 0.160000
7009200.0 0.000000 0.160000
7012800.0 0.000000 0.180000
7016400.0 0.000000 0.280000
7020000.0 0.000000 0.400000
7023600.0 0.003850 0.450000
7027200.0 0.140427 0.500000
7030800.0 0.318363 0.550000
7034400.0 0.467601 0.580000
7038000.0 0.572935 0.600000
7041600.0 0.630021 0.580000
7045200.0 0.638323 0.550000
7048800.0 0.598762 0.520000
7052400.0 0.513030 0.550000
7056000.0 0.384434 0.680000
7059600.0 0.221319 0.880000
7063200.0 0.052628 1.000000
7066800.0 0.000000 0.950000
7070400.0 0.000000 0.750000
7074000.0 0.000000 0.520000
7077600.0 0.000000 0.350000
7081200.0 0.000000 0.260000
7084800.0 0.000000 0.220000
7088400.0 0.000000 0.180000
7092000.0 0.000000 0.160000
7095600.0 0.000000 0.160000
7099200.0 0.000000 0.180000
7102800.0 0.000000 0.280000
7106400.0 0.000000 0.400000
7110000.0 0.004291 0.450000
7113600.0 0.141659 0.500000
7117200.0 0.319148 0.550000
7120800.0 0.467951 0.580000
7124400.0 0.572914 0.600000
7128000.0 0.629686 0.580000
7131600.0 0.637728 0.550000
7135200.0 0.597963 0.520000
7138800.0 0.512097 0.550000
7142400.0 0.383479 0.680000
7146000.0 0.220541 0.880000
7149600.0 0.052387 1.000000
7153200.0 0.000000 0.950000
7156800.0 0.000000 0.750000
7160400.0 0.000000 0.520000
7164000.0 0.000000 0.350000
7167600.0 0.000000 0.260000
7171200.0 0.000000 0.220000
7174800.0 0.000000 0.180000
7178400.0 0.000000 0.160000
7182000.0 0.000000 0.160000
7185600.0 0.000000 0.180000
7189200.0 0.000000 0.280000
7192800.0 0.000000 0.400000
7196400.0 0.004759 0.450000
7200000.0 0.142877 0.500000
7203600.0 0.319911 0.550000
7207200.0 0.468273 0.580000
7210800.0 0.572861 0.600000
7214400.0 0.629317 0.580000
7218000.0 0.637099 0.550000
7221600.0 0.597130 0.520000
7225200.0 0.511135 0.550000
7228800.0 0.382500 0.680000
7232400.0 0.219748 0.880000
7236000.0 0.052140 1.000000
7239600.0 0.000000 0.950000
7243200.0 0.000000 0.750000
7246800.0 0.000000 0.520000
7250400.0 0.000000 0.350000
7254000.0 0.000000 0.260000
7257600.0 0.000000 0.220000
7261200.0 0.000000 0.180000
7264800.0 0.000000 0.160000
7268400.0 0.000000 0.160000
7272000.0 0.000000 0.180000
7275600.0 0.000000 0.280000
7279200.0 0.000000 0.400000
7282800.0 0.005252 0.450000
7286400.0 0.144079 0.500000
7290000.0 0.320651 0.550000
7293600.0 0.468566 0.580000
7297200.0 0.572775 0.600000
7300800.0 0.628914 0.580000
7304400.0 0.636435 0.550000
7308000.0 0.596265 0.520000
7311600.0 0.510144 0.550000
7315200.0 0.381498 0.680000
7318800.0 0.218940 0.880000
7322400.0 0.051889 1.000000
7326000.0 0.000000 0.950000
7329600.0 0.000000 0.750000
7333200.0 0.000000 0.520000
7336800.0 0.000000 0.350000
7340400.0 0.000000 0.260000
7344000.0 0.000000 0.220000
7347600.0 0.000000 0.180000
7351200.0 0.000000 0.160000
7354800.0 0.000000 0.160000
7358400.0 0.000000 0.180000
7362000.0 0.000000 0.280000
7365600.0 0.000000 0.400000
7369200.0 0.005769 0.450000
7372800.0 0.145263 0.500000
7376400.0 0.321366 0.550000
7380000.0 0.468830 0.580000
7383600.0 0.572657 0.600000
7387200.0 0.628476 0.580000
7390800.0 0.635736 0.550000
7394400.0 0.595368 0.520000
7398000.0 0.509125 0.550000
7401600.0 0.380474 0.680000
7405200.0 0.218119 0.880000
7408800.0 0.051633 1.000000
7412400.0 0.000000 0.950000
7416000.0 0.000000 0.750000
7419600.0 0.000000 0.520000
7423200.0 0.000000 0.350000
7426800.0 0.000000 0.260000
7430400.0 0.000000 0.220000
7434000.0 0.000000 0.180000
7437600.0 0.000000 0.160000
7441200.0 0.000000 0.160000
7444800.0 0.000000 0.180000
7448400.0 0.000000 0.280000
7452000.0 0.000000 0.400000
7455600.0 0.006309 0.450000
7459200.0 0.146430 0.500000
7462800.0 0.322057 0.550000
7466400.0 0.469064 0.580000
7470000.0 0.572505 0.600000
7473600.0 0.628004 0.580000
7477200.0 0.635004 0.550000
7480800.0 0.594439 0.520000
7484400.0 0.508078 0.550000
7488000.0 0.379430 0.680000
7491600.0 0.217287 0.880000
7495200.0 0.051374 1.000000
7498800.0 0.000000 0.950000
7502400.0 0.000000 0.750000
7506000.0 0.000000 0.520000
7509600.0 0.000000 0.350000
7513200.0 0.000000 0.260000
7516800.0 0.000000 0.220000
7520400.0 0.000000 0.180000
7524000.0 0.000000 0.160000
7527600.0 0.000000 0.160000
7531200.0 0.000000 0.180000
7534800.0 0.000000 0.280000
7538400.0 0.000000 0.400000
7542000.0 0.006871 0.450000
7545600.0 0.147576 0.500000
7549200.0 0.322721 0.550000
7552800.0 0.469268 0.580000
7556400.0 0.572321 0.600000
7560000.0 0.627498 0.580000
7563600.0 0.634239 0.550000
7567200.0 0.593480 0.520000
7570800.0 0.507006 0.550000
7574400.0 0.378367 0.680000
7578000.0 0.216444 0.880000
7581600.0 0.051112 1.000000
7585200.0 0.000000 0.950000
7588800.0 0.000000 0.750000
7592400.0 0.000000 0.520000
7596000.0 0.000000 0.350000
7599600.0 0.000000 0.260000
7603200.0 0.000000 0.220000
7606800.0 0.000000 0.180000
7610400.0 0.000000 0.160000
7614000.0 0.000000 0.160000
7617600.0 0.000000 0.180000
7621200.0 0.000000 0.280000
7624800.0 0.000000 0.400000
7628400.0 0.007453 0.450000
7632000.0 0.148702 0.500000
7635600.0 0.323358 0.550000
7639200.0 0.469441 0.580000
7642800.0 0.572103 0.600000
7646400.0 0.626958 0.580000
7650000.0 0.633441 0.550000
7653600.0 0.592491 0.520000
7657200.0 0.505909 0.550000
7660800.0 0.377286 0.680000
7664400.0 0.215592 0.880000
7668000.0 0.050849 1.000000
7671600.0 0.000000 0.950000
7675200.0 0.000000 0.750000
7678800.0 0.000000 0.520000
7682400.0 0.000000 0.350000
7686000.0 0.000000 0.260000
7689600.0 0.000000 0.220000
7693200.0 0.000000 0.180000
7696800.0 0.000000 0.160000
7700400.0 0.000000 0.160000
7704000.0 0.000000 0.180000
7707600.0 0.000000 0.280000
7711200.0 0.000000 0.400000
7714800.0 0.008055 0.450000
7718400.0 0.149806 0.500000
7722000.0 0.323967 0.550000
7725600.0 0.469582 0.580000
7729200.0 0.571851 0.600000
7732800.0 0.626385 0.580000
7736400.0 0.632611 0.550000
7740000.0 0.591473 0.520000
7743600.0 0.504788 0.550000
7747200.0 0.376188 0.680000
7750800.0 0.214732 0.880000
7754400.0 0.050585 1.000000
7758000.0 0.000000 0.950000
7761600.0 0.000000 0.750000
7765200.0 0.000000 0.520000
7768800.0 0.000000 0.350000
7772400.0 0.000000 0.260000
7776000.0 0.000000 0.220000
7779600.0 0.000000 0.180000
7783200.0 0.000000 0.160000
7786800.0 0.000000 0.160000
7790400.0 0.000000 0.180000
7794000.0 0.000000 0.280000
7797600.0 0.000000 0.400000
7801200.0 0.008674 0.450000
7804800.0 0.150886 0.500000
7808400.0 0.324548 0.550000
7812000.0 0.469691 0.580000
7815600.0 0.571566 0.600000
7819200.0 0.625777 0.580000
7822800.0 0.631750 0.550000
7826400.0 0.590428 0.520000
7830000.0 0.503645 0.550000
7833600.0 0.375075 0.680000
7837200.0 0.213865 0.880000
7840800.0 0.050322 1.000000
7844400.0 0.000000 0.950000
7848000.0 0.000000 0.750000
7851600.0 0.000000 0.520000
7855200.0 0.000000 0.350000
7858800.0 0.000000 0.260000
7862400.0 0.000000 0.220000
7866000.0 0.000000 0.180000
7869600.0 0.000000 0.160000
7873200.0 0.000000 0.160000
7876800.0 0.000000 0.180000
7880400.0 0.000000 0.280000
7884000.0 0.000000 0.400000
7887600.0 0.009552 0.450000
7891200.0 0.155951 0.500000
7894800.0 0.333769 0.550000
7898400.0 0.482486 0.580000
7902000.0 0.586952 0.600000
7905600.0 0.642559 0.580000
7909200.0 0.648618 0.550000
7912800.0 0.606045 0.520000
7916400.0 0.516728 0.550000
7920000.0 0.384521 0.680000
7923600.0 0.218987 0.880000
7927200.0 0.051464 1.000000
7930800.0 0.000000 0.950000
7934400.0 0.000000 0.750000
7938000.0 0.000000 0.520000
7941600.0 0.000000 0.350000
7945200.0 0.000000 0.260000
7948800.0 0.000000 0.220000
7952400.0 0.000000 0.180000
7956000.0 0.000000 0.160000
7959600.0 0.000000 0.160000
7963200.0 0.000000 0.180000
7966800.0 0.000000 0.280000
7970400.0 0.000000 0.400000
7974000.0 0.010218 0.450000
7977600.0 0.157014 0.500000
7981200.0 0.334309 0.550000
7984800.0 0.482536 0.580000
7988400.0 0.586596 0.600000
7992000.0 0.641872 0.580000
7995600.0 0.647675 0.550000
7999200.0 0.604921 0.520000
8002800.0 0.515515 0.550000
8006400.0 0.383355 0.680000
8010000.0 0.218092 0.880000
8013600.0 0.051198 1.000000
8017200.0 0.000000 0.950000
8020800.0 0.000000 0.750000
8024400.0 0.000000 0.520000
8028000.0 0.000000 0.350000
8031600.0 0.000000 0.260000
8035200.0 0.000000 0.220000
8038800.0 0.000000 0.180000
8042400.0 0.000000 0.160000
8046000.0 0.000000 0.160000
8049600.0 0.000000 0.180000
8053200.0 0.000000 0.280000
8056800.0 0.000000 0.400000
8060400.0 0.010897 0.450000
8064000.0 0.158050 0.500000
8067600.0 0.334818 0.550000
8071200.0 0.482553 0.580000
8074800.0 0.586205 0.600000
8078400.0 0.641153 0.580000
8082000.0 0.646701 0.550000
8085600.0 0.603770 0.520000
8089200.0 0.514282 0.550000
8092800.0 0.382176 0.680000
8096400.0 0.217193 0.880000
8100000.0 0.050934 1.000000
8103600.0 0.000000 0.950000
8107200.0 0.000000 0.750000
8110800.0 0.000000 0.520000
8114400.0 0.000000 0.350000
8118000.0 0.000000 0.260000
8121600.0 0.000000 0.220000
8125200.0 0.000000 0.180000
8128800.0 0.000000 0.160000
8132400.0 0.000000 0.160000
8136000.0 0.000000 0.180000
8139600.0 0.000000 0.280000
8143200.0 0.000000 0.400000
8146800.0 0.011587 0.450000
8150400.0 0.159058 0.500000
8154000.0 0.335294 0.550000
8157600.0 0.482536 0.580000
8161200.0 0.585779 0.600000
8164800.0 0.640400 0.580000
8168400.0 0.645698 0.550000
8172000.0 0.602594 0.520000
8175600.0 0.513031 0.550000
8179200.0 0.380987 0.680000
8182800.0 0.216292 0.880000
8186400.0 0.050674 1.000000
8190000.0 0.000000 0.950000
8193600.0 0.000000 0.750000
8197200.0 0.000000 0.520000
8200800.0 0.000000 0.350000
8204400.0 0.000000 0.260000
8208000.0 0.000000 0.220000
8211600.0 0.000000 0.180000
8215200.0 0.000000 0.160000
8218800.0 0.000000 0.160000
8222400.0 0.000000 0.180000
8226000.0 0.000000 0.280000
8229600.0 0.000000 0.400000
8233200.0 0.012286 0.450000
8236800.0 0.160038 0.500000
8240400.0 0.335737 0.550000
8244000.0 0.482484 0.580000
8247600.0 0.585320 0.600000
8251200.0 0.639616 0.580000
8254800.0 0.644666 0.550000
8258400.0 0.601395 0.520000
8262000.0 0.511761 0.550000
8265600.0 0.379787 0.680000
8269200.0 0.215390 0.880000
8272800.0 0.050416 1.000000
8276400.0 0.000000 0.950000
8280000.0 0.000000 0.750000
8283600.0 0.000000 0.520000
8287200.0 0.000000 0.350000
8290800.0 0.000000 0.260000
8294400.0 0.000000 0.220000
8298000.0 0.000000 0.180000
8301600.0 0.000000 0.160000
8305200.0 0.000000 0.160000
8308800.0 0.000000 0.180000
8312400.0 0.000000 0.280000
8316000.0 0.000000 0.400000
8319600.0 0.012993 0.450000
8323200.0 0.160989 0.500000
8326800.0 0.336147 0.550000
8330400.0 0.482398 0.580000
8334000.0 0.584826 0.600000
8337600.0 0.638799 0.580000
8341200.0 0.643605 0.550000
8344800.0 0.600172 0.520000
8348400.0 0.510476 0.550000
8352000.0 0.378580 0.680000
8355600.0 0.214488 0.880000
8359200.0 0.050163 1.000000
8362800.0 0.000000 0.950000
8366400.0 0.000000 0.750000
8370000.0 0.000000 0.520000
8373600.0 0.000000 0.350000
8377200.0 0.000000 0.260000
8380800.0 0.000000 0.220000
8384400.0 0.000000 0.180000
8388000.0 0.000000 0.160000
8391600.0 0.000000 0.160000
8395200.0 0.000000 0.180000
8398800.0 0.000000 0.280000
8402400.0 0.000000 0.400000
8406000.0 0.013706 0.450000
8409600.0 0.161911 0.500000
8413200.0 0.336524 0.550000
8416800.0 0.482277 0.580000
8420400.0 0.584299 0.600000
8424000.0 0.637952 0.580000
8427600.0 0.642517 0.550000
8431200.0 0.598927 0.520000
8434800.0 0.509175 0.550000
8438400.0 0.377365 0.680000
8442000.0 0.213587 0.880000
8445600.0 0.049914 1.000000
8449200.0 0.000000 0.950000
8452800.0 0.000000 0.750000
8456400.0 0.000000 0.520000
8460000.0 0.000000 0.350000
8463600.0 0.000000 0.260000
8467200.0 0.000000 0.220000
8470800.0 0.000000 0.180000
8474400.0 0.000000 0.160000
8478000.0 0.000000 0.160000
8481600.0 0.000000 0.180000
8485200.0 0.000000 0.280000
8488800.0 0.000000 0.400000
8492400.0 0.014423 0.450000
8496000.0 0.162802 0.500000
8499600.0 0.336868 0.550000
8503200.0 0.482122 0.580000
8506800.0 0.583739 0.600000
8510400.0 0.637074 0.580000
8514000.0 0.641403 0.550000
8517600.0 0.597662 0.520000
8521200.0 0.507859 0.550000
8524800.0 0.376144 0.680000
8528400.0 0.212688 0.880000
8532000.0 0.049671 1.000000
8535600.0 0.000000 0.950000
8539200.0 0.000000 0.750000
8542800.0 0.000000 0.520000
8546400.0 0.000000 0.350000
8550000.0 0.000000 0.260000
8553600.0 0.000000 0.220000
8557200.0 0.000000 0.180000
8560800.0 0.000000 0.160000
8564400.0 0.000000 0.160000
8568000.0 0.000000 0.180000
8571600.0 0.000000 0.280000
8575200.0 0.000000 0.400000
8578800.0 0.015143 0.450000
8582400.0 0.163663 0.500000
8586000.0 0.337177 0.550000
8589600.0 0.481934 0.580000
8593200.0 0.583147 0.600000
8596800.0 0.636166 0.580000
8600400.0 0.640263 0.550000
8604000.0 0.596376 0.520000
8607600.0 0.506531 0.550000
8611200.0 0.374917 0.680000
8614800.0 0.211791 0.880000
8618400.0 0.049432 1.000000
8622000.0 0.000000 0.950000
8625600.0 0.000000 0.750000
8629200.0 0.000000 0.520000
8632800.0 0.000000 0.350000
8636400.0 0.000000 0.260000
8640000.0 0.000000 0.220000
8643600.0 0.000000 0.180000
8647200.0 0.000000 0.160000
8650800.0 0.000000 0.160000
8654400.0 0.000000 0.180000
8658000.0 0.000000 0.280000
8661600.0 0.000000 0.400000
8665200.0 0.015864 0.450000
8668800.0 0.164492 0.500000
8672400.0 0.337453 0.550000
8676000.0 0.481711 0.580000
8679600.0 0.582522 0.600000
8683200.0 0.635229 0.580000
8686800.0 0.639099 0.550000
8690400.0 0.595071 0.520000
8694000.0 0.505190 0.550000
8697600.0 0.373686 0.680000
8701200.0 0.210898 0.880000
8704800.0 0.049199 1.000000
8708400.0 0.000000 0.950000
8712000.0 0.000000 0.750000
8715600.0 0.000000 0.520000
8719200.0 0.000000 0.350000
8722800.0 0.000000 0.260000
8726400.0 0.000000 0.220000
8730000.0 0.000000 0.180000
8733600.0 0.000000 0.160000
8737200.0 0.000000 0.160000
8740800.0 0.000000 0.180000
8744400.0 0.000000 0.280000
8748000.0 0.000000 0.400000
8751600.0 0.016584 0.450000
8755200.0 0.165290 0.500000
8758800.0 0.337695 0.550000
8762400.0 0.481455 0.580000
8766000.0 0.581866 0.600000
8769600.0 0.634263 0.580000
8773200.0 0.637910 0.550000
8776800.0 0.593748 0.520000
8780400.0 0.503838 0.550000
8784000.0 0.372452 0.680000
8787600.0 0.210009 0.880000
8791200.0 0.048972 1.000000
8794800.0 0.000000 0.950000
8798400.0 0.000000 0.750000
8802000.0 0.000000 0.520000
8805600.0 0.000000 0.350000
8809200.0 0.000000 0.260000
8812800.0 0.000000 0.220000
8816400.0 0.000000 0.180000
8820000.0 0.000000 0.160000
8823600.0 0.000000 0.160000
8827200.0 0.000000 0.180000
8830800.0 0.000000 0.280000
8834400.0 0.000000 0.400000
8838000.0 0.017303 0.450000
8841600.0 0.166057 0.500000
8845200.0 0.337903 0.550000
8848800.0 0.481166 0.580000
8852400.0 0.581178 0.600000
8856000.0 0.633271 0.580000
8859600.0 0.636699 0.550000
8863200.0 0.592409 0.520000
8866800.0 0.502477 0.550000
8870400.0 0.371216 0.680000
8874000.0 0.209125 0.880000
8877600.0 0.048751 1.000000
8881200.0 0.000000 0.950000
8884800.0 0.000000 0.750000
8888400.0 0.000000 0.520000
8892000.0 0.000000 0.350000
8895600.0 0.000000 0.260000
8899200.0 0.000000 0.220000
8902800.0 0.000000 0.180000
8906400.0 0.000000 0.160000
8910000.0 0.000000 0.160000
8913600.0 0.000000 0.180000
8917200.0 0.000000 0.280000
8920800.0 0.000000 0.400000
8924400.0 0.018018 0.450000
8928000.0 0.166791 0.500000
8931600.0 0.338077 0.550000
8935200.0 0.480843 0.580000
8938800.0 0.580460 0.600000
8942400.0 0.632251 0.580000
8946000.0 0.635467 0.550000
8949600.0 0.591053 0.520000
8953200.0 0.501106 0.550000
8956800.0 0.369979 0.680000
8960400.0 0.208247 0.880000
8964000.0 0.048538 1.000000
8967600.0 0.000000 0.950000
8971200.0 0.000000 0.750000
8974800.0 0.000000 0.520000
8978400.0 0.000000 0.350000
8982000.0 0.000000 0.260000
8985600.0 0.000000 0.220000
8989200.0 0.000000 0.180000
8992800.0 0.000000 0.160000
8996400.0 0.000000 0.160000
9000000.0 0.000000 0.180000
9003600.0 0.000000 0.280000
9007200.0 0.000000 0.400000
9010800.0 0.018729 0.450000
9014400.0 0.167493 0.500000
9018000.0 0.338218 0.550000
9021600.0 0.480488 0.580000
9025200.0 0.579712 0.600000
9028800.0 0.631206 0.580000
9032400.0 0.634213 0.550000
9036000.0 0.589683 0.520000
9039600.0 0.499728 0.550000
9043200.0 0.368741 0.680000
9046800.0 0.207376 0.880000
9050400.0 0.048331 1.000000
9054000.0 0.000000 0.950000
9057600.0 0.000000 0.750000
9061200.0 0.000000 0.520000
9064800.0 0.000000 0.350000
9068400.0 0.000000 0.260000
9072000.0 0.000000 0.220000
9075600.0 0.000000 0.180000
9079200.0 0.000000 0.160000
9082800.0 0.000000 0.160000
9086400.0 0.000000 0.180000
9090000.0 0.000000 0.280000
9093600.0 0.000000 0.400000
9097200.0 0.019433 0.450000
9100800.0 0.168163 0.500000
9104400.0 0.338324 0.550000
9108000.0 0.480101 0.580000
9111600.0 0.578934 0.600000
9115200.0 0.630135 0.580000
9118800.0 0.632939 0.550000
9122400.0 0.588299 0.520000
9126000.0 0.498344 0.550000
9129600.0 0.367505 0.680000
9133200.0 0.206513 0.880000
9136800.0 0.048131 1.000000
9140400.0 0.000000 0.950000
9144000.0 0.000000 0.750000
9147600.0 0.000000 0.520000
9151200.0 0.000000 0.350000
9154800.0 0.000000 0.260000
9158400.0 0.000000 0.220000
9162000.0 0.000000 0.180000
9165600.0 0.000000 0.160000
9169200.0 0.000000 0.160000
9172800.0 0.000000 0.180000
9176400.0 0.000000 0.280000
9180000.0 0.000000 0.400000
9183600.0 0.020259 0.450000
9187200.0 0.169209 0.500000
9190800.0 0.338923 0.550000
9194400.0 0.480250 0.580000
9198000.0 0.578709 0.600000
9201600.0 0.629621 0.580000
9205200.0 0.632225 0.550000
9208800.0 0.587475 0.520000
9212400.0 0.497513 0.550000
9216000.0 0.366796 0.680000
9219600.0 0.206093 0.880000
9223200.0 0.048152 1.000000
9226800.0 0.000000 0.950000
9230400.0 0.000000 0.750000
9234000.0 0.000000 0.520000
9237600.0 0.000000 0.350000
9241200.0 0.000000 0.260000
9244800.0 0.000000 0.220000
9248400.0 0.000000 0.180000
9252000.0 0.000000 0.160000
9255600.0 0.000000 0.160000
9259200.0 0.000000 0.180000
9262800.0 0.000000 0.280000
9266400.0 0.000000 0.400000
9270000.0 0.021080 0.450000
9273600.0 0.170219 0.500000
9277200.0 0.339484 0.550000
9280800.0 0.480364 0.580000
9284400.0 0.578452 0.600000
9288000.0 0.629081 0.580000
9291600.0 0.631490 0.550000
9295200.0 0.586637 0.520000
9298800.0 0.496675 0.550000
9302400.0 0.366086 0.680000
9306000.0 0.205678 0.880000
9309600.0 0.048179 1.000000
9313200.0 0.000000 0.950000
9316800.0 0.000000 0.750000
9320400.0 0.000000 0.520000
9324000.0 0.000000 0.350000
9327600.0 0.000000 0.260000
9331200.0 0.000000 0.220000
9334800.0 0.000000 0.180000
9338400.0 0.000000 0.160000
9342000.0 0.000000 0.160000
9345600.0 0.000000 0.180000
9349200.0 0.000000 0.280000
9352800.0 0.000000 0.400000
9356400.0 0.021896 0.450000
9360000.0 0.171193 0.500000
9363600.0 0.340008 0.550000
9367200.0 0.480443 0.580000
9370800.0 0.578164 0.600000
9374400.0 0.628515 0.580000
9378000.0 0.630735 0.550000
9381600.0 0.585785 0.520000
9385200.0 0.495830 0.550000
9388800.0 0.365376 0.680000
9392400.0 0.205268 0.880000
9396000.0 0.048210 1.000000
9399600.0 0.000000 0.950000
9403200.0 0.000000 0.750000
9406800.0 0.000000 0.520000
9410400.0 0.000000 0.350000
9414000.0 0.000000 0.260000
9417600.0 0.000000 0.220000
9421200.0 0.000000 0.180000
9424800.0 0.000000 0.160000
9428400.0 0.000000 0.160000
9432000.0 0.000000 0.180000
9435600.0 0.000000 0.280000
9439200.0 0.000000 0.400000
9442800.0 0.022703 0.450000
9446400.0 0.172130 0.500000
9450000.0 0.340494 0.550000
9453600.0 0.480487 0.580000
9457200.0 0.577846 0.600000
9460800.0 0.627924 0.580000
9464400.0 0.629961 0.550000
9468000.0 0.584921 0.520000
9471600.0 0.494981 0.550000
9475200.0 0.364668 0.680000
9478800.0 0.204864 0.880000
9482400.0 0.048249 1.000000
9486000.0 0.000000 0.950000
9489600.0 0.000000 0.750000
9493200.0 0.000000 0.520000
9496800.0 0.000000 0.350000
9500400.0 0.000000 0.260000
9504000.0 0.000000 0.220000
9507600.0 0.000000 0.180000
9511200.0 0.000000 0.160000
9514800.0 0.000000 0.160000
9518400.0 0.000000 0.180000
9522000.0 0.000000 0.280000
9525600.0 0.000000 0.400000
9529200.0 0.023502 0.450000
9532800.0 0.173030 0.500000
9536400.0 0.340942 0.550000
9540000.0 0.480497 0.580000
9543600.0 0.577499 0.600000
9547200.0 0.627310 0.580000
9550800.0 0.629170 0.550000
9554400.0 0.584047 0.520000
9558000.0 0.494127 0.550000
9561600.0 0.363962 0.680000
9565200.0 0.204468 0.880000
9568800.0 0.048293 1.000000
9572400.0 0.000000 0.950000
9576000.0 0.000000 0.750000
9579600.0 0.000000 0.520000
9583200.0 0.000000 0.350000
9586800.0 0.000000 0.260000
9590400.0 0.000000 0.220000
9594000.0 0.000000 0.180000
9597600.0 0.000000 0.160000
9601200.0 0.000000 0.160000
9604800.0 0.000000 0.180000
9608400.0 0.000000 0.280000
9612000.0 0.000000 0.400000
9615600.0 0.024290 0.450000
9619200.0 0.173893 0.500000
9622800.0 0.341353 0.550000
9626400.0 0.480474 0.580000
9630000.0 0.577123 0.600000
9633600.0 0.626673 0.580000
9637200.0 0.628363 0.550000
9640800.0 0.583163 0.520000
9644400.0 0.493272 0.550000
9648000.0 0.363261 0.680000
9651600.0 0.204080 0.880000
9655200.0 0.048346 1.000000
9658800.0 0.000000 0.950000
9662400.0 0.000000 0.750000
9666000.0 0.000000 0.520000
9669600.0 0.000000 0.350000
9673200.0 0.000000 0.260000
9676800.0 0.000000 0.220000
9680400.0 0.000000 0.180000
9684000.0 0.000000 0.160000
9687600.0 0.000000 0.160000
9691200.0 0.000000 0.180000
9694800.0 0.000000 0.280000
9698400.0 0.000000 0.400000
9702000.0 0.025067 0.450000
9705600.0 0.174717 0.500000
9709200.0 0.341727 0.550000
9712800.0 0.480417 0.580000
9716400.0 0.576719 0.600000
9720000.0 0.626014 0.580000
9723600.0 0.627541 0.550000
9727200.0 0.582272 0.520000
9730800.0 0.492415 0.550000
9734400.0 0.362565 0.680000
9738000.0 0.203702 0.880000
9741600.0 0.048405 1.000000
9745200.0 0.000000 0.950000
9748800.0 0.000000 0.750000
9752400.0 0.000000 0.520000
9756000.0 0.000000 0.350000
9759600.0 0.000000 0.260000
9763200.0 0.000000 0.220000
9766800.0 0.000000 0.180000
9770400.0 0.000000 0.160000
9774000.0 0.000000 0.160000
9777600.0 0.000000 0.180000
9781200.0 0.000000 0.280000
9784800.0 0.000000 0.400000
9788400.0 0.025830 0.450000
9792000.0 0.175504 0.500000
9795600.0 0.342063 0.550000
9799200.0 0.480327 0.580000
9802800.0 0.576289 0.600000
9806400.0 0.625335 0.580000
9810000.0 0.626706 0.550000
9813600.0 0.581373 0.520000
9817200.0 0.491558 0.550000
9820800.0 0.361875 0.680000
9824400.0 0.203334 0.880000
9828000.0 0.048473 1.000000
9831600.0 0.000000 0.950000
9835200.0 0.000000 0.750000
9838800.0 0.000000 0.520000
9842400.0 0.000000 0.350000
9846000.0 0.000000 0.260000
9849600.0 0.000000 0.220000
9853200.0 0.000000 0.180000
9856800.0 0.000000 0.160000
9860400.0 0.000000 0.160000
9864000.0 0.000000 0.180000
9867600.0 0.000000 0.280000
9871200.0 0.000000 0.400000
9874800.0 0.026578 0.450000
9878400.0 0.176253 0.500000
9882000.0 0.342362 0.550000
9885600.0 0.480205 0.580000
9889200.0 0.575832 0.600000
9892800.0 0.624636 0.580000
9896400.0 0.625857 0.550000
9900000.0 0.580469 0.520000
9903600.0 0.490702 0.550000
9907200.0 0.361193 0.680000
9910800.0 0.202978 0.880000
9914400.0 0.048549 1.000000
9918000.0 0.000000 0.950000
9921600.0 0.000000 0.750000
9925200.0 0.000000 0.520000
9928800.0 0.000000 0.350000
9932400.0 0.000000 0.260000
9936000.0 0.000000 0.220000
9939600.0 0.000000 0.180000
9943200.0 0.000000 0.160000
9946800.0 0.000000 0.160000
9950400.0 0.000000 0.180000
9954000.0 0.000000 0.280000
9957600.0 0.000000 0.400000
9961200.0 0.027310 0.450000
9964800.0 0.176964 0.500000
9968400.0 0.342625 0.550000
9972000.0 0.480051 0.580000
9975600.0 0.575349 0.600000
9979200.0 0.623919 0.580000
9982800.0 0.624997 0.550000
9986400.0 0.579561 0.520000
9990000.0 0.489850 0.550000
9993600.0 0.360519 0.680000
9997200.0 0.202633 0.880000
10000800.0 0.048635 1.000000
10004400.0 0.000000 0.950000
10008000.0 0.000000 0.750000
10011600.0 0.000000 0.520000
10015200.0 0.000000 0.350000
10018800.0 0.000000 0.260000
10022400.0 0.000000 0.220000
10026000.0 0.000000 0.180000
10029600.0 0.000000 0.160000
10033200.0 0.000000 0.160000
10036800.0 0.000000 0.180000
10040400.0 0.000000 0.280000
10044000.0 0.000000 0.400000
10047600.0 0.028026 0.450000
10051200.0 0.177636 0.500000
10054800.0 0.342851 0.550000
10058400.0 0.479867 0.580000
10062000.0 0.574842 0.600000
10065600.0 0.623184 0.580000
10069200.0 0.624127 0.550000
10072800.0 0.578650 0.520000
10076400.0 0.489001 0.550000
10080000.0 0.359856 0.680000
10083600.0 0.202302 0.880000
10087200.0 0.048729 1.000000
10090800.0 0.000000 0.950000
10094400.0 0.000000 0.750000
10098000.0 0.000000 0.520000
10101600.0 0.000000 0.350000
10105200.0 0.000000 0.260000
10108800.0 0.000000 0.220000
10112400.0 0.000000 0.180000
10116000.0 0.000000 0.160000
10119600.0 0.000000 0.160000
10123200.0 0.000000 0.180000
10126800.0 0.000000 0.280000
10130400.0 0.000000 0.400000
10134000.0 0.028723 0.450000
10137600.0 0.178269 0.500000
10141200.0 0.343040 0.550000
10144800.0 0.479651 0.580000
10148400.0 0.574312 0.600000
10152000.0 0.622433 0.580000
10155600.0 0.623248 0.550000
10159200.0 0.577737 0.520000
10162800.0 0.488158 0.550000
10166400.0 0.359204 0.680000
10170000.0 0.201985 0.880000
10173600.0 0.048834 1.000000
10177200.0 0.000000 0.950000
10180800.0 0.000000 0.750000
10184400.0 0.000000 0.520000
10188000.0 0.000000 0.350000
10191600.0 0.000000 0.260000
10195200.0 0.000000 0.220000
10198800.0 0.000000 0.180000
10202400.0 0.000000 0.160000
10206000.0 0.000000 0.160000
10209600.0 0.000000 0.180000
10213200.0 0.000000 0.280000
10216800.0 0.000000 0.400000
10220400.0 0.029401 0.450000
10224000.0 0.178864 0.500000
10227600.0 0.343194 0.550000
10231200.0 0.479406 0.580000
10234800.0 0.573758 0.600000
10238400.0 0.621666 0.580000
10242000.0 0.622361 0.550000
10245600.0 0.576824 0.520000
10249200.0 0.487322 0.550000
10252800.0 0.358564 0.680000
10256400.0 0.201683 0.880000
10260000.0 0.048949 1.000000
10263600.0 0.000000 0.950000
10267200.0 0.000000 0.750000
10270800.0 0.000000 0.520000
10274400.0 0.000000 0.350000
10278000.0 0.000000 0.260000
10281600.0 0.000000 0.220000
10285200.0 0.000000 0.180000
10288800.0 0.000000 0.160000
10292400.0 0.000000 0.160000
10296000.0 0.000000 0.180000
10299600.0 0.000000 0.280000
10303200.0 0.000000 0.400000
10306800.0 0.030058 0.450000
10310400.0 0.179421 0.500000
10314000.0 0.343312 0.550000
10317600.0 0.479132 0.580000
10321200.0 0.573183 0.600000
10324800.0 0.620886 0.580000
10328400.0 0.621468 0.550000
10332000.0 0.575912 0.520000
10335600.0 0.486493 0.550000
10339200.0 0.357937 0.680000
10342800.0 0.201396 0.880000
10346400.0 0.049074 1.000000
10350000.0 0.000000 0.950000
10353600.0 0.000000 0.750000
10357200.0 0.000000 0.520000
10360800.0 0.000000 0.350000
10364400.0 0.000000 0.260000
10368000.0 0.000000 0.220000
10371600.0 0.000000 0.180000
10375200.0 0.000000 0.160000
10378800.0 0.000000 0.160000
10382400.0 0.000000 0.180000
10386000.0 0.000000 0.280000
10389600.0 0.000000 0.400000
10393200.0 0.030695 0.450000
10396800.0 0.179939 0.500000
10400400.0 0.343395 0.550000
10404000.0 0.478829 0.580000
10407600.0 0.572587 0.600000
10411200.0 0.620092 0.580000
10414800.0 0.620569 0.550000
10418400.0 0.575002 0.520000
10422000.0 0.485673 0.550000
10425600.0 0.357325 0.680000
10429200.0 0.201126 0.880000
10432800.0 0.049210 1.000000
10436400.0 0.000000 0.950000
10440000.0 0.000000 0.750000
10443600.0 0.000000 0.520000
10447200.0 0.000000 0.350000
10450800.0 0.000000 0.260000
10454400.0 0.000000 0.220000
10458000.0 0.000000 0.180000
10461600.0 0.000000 0.160000
10465200.0 0.000000 0.160000
10468800.0 0.000000 0.180000
10472400.0 0.000000 0.280000
10476000.0 0.000000 0.400000
10479600.0 0.032032 0.450000
10483200.0 0.184533 0.500000
10486800.0 0.351309 0.550000
10490400.0 0.489703 0.580000
10494000.0 0.585711 0.600000
10497600.0 0.634486 0.580000
10501200.0 0.635089 0.550000
10504800.0 0.588454 0.520000
10508400.0 0.496956 0.550000
10512000.0 0.365571 0.680000
10515600.0 0.205861 0.880000
10519200.0 0.050608 1.000000
10522800.0 0.000000 0.950000
10526400.0 0.000000 0.750000
10530000.0 0.000000 0.520000
10533600.0 0.000000 0.350000
10537200.0 0.000000 0.260000
10540800.0 0.000000 0.220000
10544400.0 0.000000 0.180000
10548000.0 0.000000 0.160000
10551600.0 0.000000 0.160000
10555200.0 0.000000 0.180000
10558800.0 0.000000 0.280000
10562400.0 0.000000 0.400000
10566000.0 0.032640 0.450000
10569600.0 0.184992 0.500000
10573200.0 0.351333 0.550000
10576800.0 0.489346 0.580000
10580400.0 0.585069 0.600000
10584000.0 0.633657 0.580000
10587600.0 0.634168 0.550000
10591200.0 0.587537 0.520000
10594800.0 0.496146 0.550000
10598400.0 0.364985 0.680000
10602000.0 0.205628 0.880000
10605600.0 0.050774 1.000000
10609200.0 0.000000 0.950000
10612800.0 0.000000 0.750000
10616400.0 0.000000 0.520000
10620000.0 0.000000 0.350000
10623600.0 0.000000 0.260000
10627200.0 0.000000 0.220000
10630800.0 0.000000 0.180000
10634400.0 0.000000 0.160000
10638000.0 0.000000 0.160000
10641600.0 0.000000 0.180000
10645200.0 0.000000 0.280000
10648800.0 0.000000 0.400000
10652400.0 0.033225 0.450000
10656000.0 0.185412 0.500000
10659600.0 0.351322 0.550000
10663200.0 0.488962 0.580000
10666800.0 0.584408 0.600000
10670400.0 0.632818 0.580000
10674000.0 0.633245 0.550000
10677600.0 0.586626 0.520000
10681200.0 0.495349 0.550000
10684800.0 0.364417 0.680000
10688400.0 0.205413 0.880000
10692000.0 0.050952 1.000000
10695600.0 0.000000 0.950000
10699200.0 0.000000 0.750000
10702800.0 0.000000 0.520000
10706400.0 0.000000 0.350000
10710000.0 0.000000 0.260000
10713600.0 0.000000 0.220000
10717200.0 0.000000 0.180000
10720800.0 0.000000 0.160000
10724400.0 0.000000 0.160000
10728000.0 0.000000 0.180000
10731600.0 0.000000 0.280000
10735200.0 0.000000 0.400000
10738800.0 0.033785 0.450000
10742400.0 0.185794 0.500000
10746000.0 0.351278 0.550000
10749600.0 0.488553 0.580000
10753200.0 0.583731 0.600000
10756800.0 0.631970 0.580000
10760400.0 0.632322 0.550000
10764000.0 0.585722 0.520000
10767600.0 0.494565 0.550000
10771200.0 0.363866 0.680000
10774800.0 0.205217 0.880000
10778400.0 0.051141 1.000000
10782000.0 0.000000 0.950000
10785600.0 0.000000 0.750000
10789200.0 0.000000 0.520000
10792800.0 0.000000 0.350000
10796400.0 0.000000 0.260000
10800000.0 0.000000 0.220000
10803600.0 0.000000 0.180000
10807200.0 0.000000 0.160000
10810800.0 0.000000 0.160000
10814400.0 0.000000 0.180000
10818000.0 0.000000 0.280000
10821600.0 0.000000 0.400000
10825200.0 0.034321 0.450000
10828800.0 0.186138 0.500000
10832400.0 0.351201 0.550000
10836000.0 0.488119 0.580000
10839600.0 0.583037 0.600000
10843200.0 0.631115 0.580000
10846800.0 0.631400 0.550000
10850400.0 0.584826 0.520000
10854000.0 0.493796 0.550000
10857600.0 0.363334 0.680000
10861200.0 0.205041 0.880000
10864800.0 0.051343 1.000000
10868400.0 0.000000 0.950000
10872000.0 0.000000 0.750000
10875600.0 0.000000 0.520000
10879200.0 0.000000 0.350000
10882800.0 0.000000 0.260000
10886400.0 0.000000 0.220000
10890000.0 0.000000 0.180000
10893600.0 0.000000 0.160000
10897200.0 0.000000 0.160000
10900800.0 0.000000 0.180000
10904400.0 0.000000 0.280000
10908000.0 0.000000 0.400000
10911600.0 0.034832 0.450000
10915200.0 0.186445 0.500000
10918800.0 0.351092 0.550000
10922400.0 0.487661 0.580000
10926000.0 0.582328 0.600000
10929600.0 0.630254 0.580000
10933200.0 0.630479 0.550000
10936800.0 0.583940 0.520000
10940400.0 0.493042 0.550000
10944000.0 0.362822 0.680000
10947600.0 0.204884 0.880000
10951200.0 0.051556 1.000000
10954800.0 0.000000 0.950000
10958400.0 0.000000 0.750000
10962000.0 0.000000 0.520000
10965600.0 0.000000 0.350000
10969200.0 0.000000 0.260000
10972800.0 0.000000 0.220000
10976400.0 0.000000 0.180000
10980000.0 0.000000 0.160000
10983600.0 0.000000 0.160000
10987200.0 0.000000 0.180000
10990800.0 0.000000 0.280000
10994400.0 0.000000 0.400000
10998000.0 0.035317 0.450000
11001600.0 0.186715 0.500000
11005200.0 0.350952 0.550000
11008800.0 0.487180 0.580000
11012400.0 0.581606 0.600000
11016000.0 0.629387 0.580000
11019600.0 0.629561 0.550000
11023200.0 0.583063 0.520000
11026800.0 0.492304 0.550000
11030400.0 0.362330 0.680000
11034000.0 0.204747 0.880000
11037600.0 0.051782 1.000000
11041200.0 0.000000 0.950000
11044800.0 0.000000 0.750000
11048400.0 0.000000 0.520000
11052000.0 0.000000 0.350000
11055600.0 0.000000 0.260000
11059200.0 0.000000 0.220000
11062800.0 0.000000 0.180000
11066400.0 0.000000 0.160000
11070000.0 0.000000 0.160000
11073600.0 0.000000 0.180000
11077200.0 0.000000 0.280000
11080800.0 0.000000 0.400000
11084400.0 0.035777 0.450000
11088000.0 0.186949 0.500000
11091600.0 0.350783 0.550000
11095200.0 0.486679 0.580000
11098800.0 0.580871 0.600000
11102400.0 0.628517 0.580000
11106000.0 0.628648 0.550000
11109600.0 0.582198 0.520000
11113200.0 0.491584 0.550000
11116800.0 0.361859 0.680000
11120400.0 0.204629 0.880000
11124000.0 0.052018 1.000000
11127600.0 0.000000 0.950000
11131200.0 0.000000 0.750000
11134800.0 0.000000 0.520000
11138400.0 0.000000 0.350000
11142000.0 0.000000 0.260000
11145600.0 0.000000 0.220000
11149200.0 0.000000 0.180000
11152800.0 0.000000 0.160000
11156400.0 0.000000 0.160000
11160000.0 0.000000 0.180000
11163600.0 0.000000 0.280000
11167200.0 0.000000 0.400000
11170800.0 0.036212 0.450000
11174400.0 0.187148 0.500000
11178000.0 0.350584 0.550000
11181600.0 0.486157 0.580000
11185200.0 0.580126 0.600000
11188800.0 0.627645 0.580000
11192400.0 0.627740 0.550000
11196000.0 0.581346 0.520000
11199600.0 0.490881 0.550000
11203200.0 0.361409 0.680000
11206800.0 0.204532 0.880000
11210400.0 0.052267 1.000000
11214000.0 0.000000 0.950000
11217600.0 0.000000 0.750000
11221200.0 0.000000 0.520000
11224800.0 0.000000 0.350000
11228400.0 0.000000 0.260000
11232000.0 0.000000 0.220000
11235600.0 0.000000 0.180000
11239200.0 0.000000 0.160000
11242800.0 0.000000 0.160000
11246400.0 0.000000 0.180000
11250000.0 0.000000 0.280000
11253600.0 0.000000 0.400000
11257200.0 0.036621 0.450000
11260800.0 0.187313 0.500000
11264400.0 0.350358 0.550000
11268000.0 0.485617 0.580000
11271600.0 0.579371 0.600000
11275200.0 0.626771 0.580000
11278800.0 0.626839 0.550000
11282400.0 0.580506 0.520000
11286000.0 0.490198 0.550000
11289600.0 0.360980 0.680000
11293200.0 0.204455 0.880000
11296800.0 0.052527 1.000000
11300400.0 0.000000 0.950000
11304000.0 0.000000 0.750000
11307600.0 0.000000 0.520000
11311200.0 0.000000 0.350000
11314800.0 0.000000 0.260000
11318400.0 0.000000 0.220000
11322000.0 0.000000 0.180000
11325600.0 0.000000 0.160000
11329200.0 0.000000 0.160000
11332800.0 0.000000 0.180000
11336400.0 0.000000 0.280000
11340000.0 0.000000 0.400000
11343600.0 0.037004 0.450000
11347200.0 0.187444 0.500000
11350800.0 0.350105 0.550000
11354400.0 0.485059 0.580000
11358000.0 0.578607 0.600000
11361600.0 0.625897 0.580000
11365200.0 0.625946 0.550000
11368800.0 0.579682 0.520000
11372400.0 0.489533 0.550000
11376000.0 0.360573 0.680000
11379600.0 0.204399 0.880000
11383200.0 0.052798 1.000000
11386800.0 0.000000 0.950000
11390400.0 0.000000 0.750000
11394000.0 0.000000 0.520000
11397600.0 0.000000 0.350000
11401200.0 0.000000 0.260000
11404800.0 0.000000 0.220000
11408400.0 0.000000 0.180000
11412000.0 0.000000 0.160000
11415600.0 0.000000 0.160000
11419200.0 0.000000 0.180000
11422800.0 0.000000 0.280000
11426400.0 0.000000 0.400000
11430000.0 0.037362 0.450000
11433600.0 0.187542 0.500000
11437200.0 0.349827 0.550000
11440800.0 0.484485 0.580000
11444400.0 0.577836 0.600000
11448000.0 0.625025 0.580000
11451600.0 0.625062 0.550000
11455200.0 0.578873 0.520000
11458800.0 0.488889 0.550000
11462400.0 0.360189 0.680000
11466000.0 0.204362 0.880000
11469600.0 0.053080 1.000000
11473200.0 0.000000 0.950000
11476800.0 0.000000 0.750000
11480400.0 0.000000 0.520000
11484000.0 0.000000 0.350000
11487600.0 0.000000 0.260000
11491200.0 0.000000 0.220000
11494800.0 0.000000 0.180000
11498400.0 0.000000 0.160000
11502000.0 0.000000 0.160000
11505600.0 0.000000 0.180000
11509200.0 0.000000 0.280000
11512800.0 0.000000 0.400000
11516400.0 0.037695 0.450000
11520000.0 0.187608 0.500000
11523600.0 0.349524 0.550000
11527200.0 0.483895 0.580000
11530800.0 0.577059 0.600000
11534400.0 0.624156 0.580000
11538000.0 0.624188 0.550000
11541600.0 0.578080 0.520000
11545200.0 0.488266 0.550000
11548800.0 0.359828 0.680000
11552400.0 0.204347 0.880000
11556000.0 0.053374 1.000000
11559600.0 0.000000 0.950000
11563200.0 0.000000 0.750000
11566800.0 0.000000 0.520000
11570400.0 0.000000 0.350000
11574000.0 0.000000 0.260000
11577600.0 0.000000 0.220000
11581200.0 0.000000 0.180000
11584800.0 0.000000 0.160000
11588400.0 0.000000 0.160000
11592000.0 0.000000 0.180000
11595600.0 0.000000 0.280000
11599200.0 0.000000 0.400000
11602800.0 0.038002 0.450000
11606400.0 0.187644 0.500000
11610000.0 0.349197 0.550000
11613600.0 0.483292 0.580000
11617200.0 0.576278 0.600000
11620800.0 0.623290 0.580000
11624400.0 0.623325 0.550000
11628000.0 0.577304 0.520000
11631600.0 0.487665 0.550000
11635200.0 0.359490 0.680000
11638800.0 0.204351 0.880000
11642400.0 0.053678 1.000000
11646000.0 0.000000 0.950000
11649600.0 0.000000 0.750000
11653200.0 0.000000 0.520000
11656800.0 0.000000 0.350000
11660400.0 0.000000 0.260000
11664000.0 0.000000 0.220000
11667600.0 0.000000 0.180000
11671200.0 0.000000 0.160000
11674800.0 0.000000 0.160000
11678400.0 0.000000 0.180000
11682000.0 0.000000 0.280000
11685600.0 0.000000 0.400000
11689200.0 0.038284 0.450000
11692800.0 0.187648 0.500000
11696400.0 0.348848 0.550000
11700000.0 0.482676 0.580000
11703600.0 0.575493 0.600000
11707200.0 0.622430 0.580000
11710800.0 0.622475 0.550000
11714400.0 0.576548 0.520000
11718000.0 0.487086 0.550000
11721600.0 0.359176 0.680000
11725200.0 0.204377 0.880000
11728800.0 0.053993 1.000000
11732400.0 0.000000 0.950000
11736000.0 0.000000 0.750000
11739600.0 0.000000 0.520000
11743200.0 0.000000 0.350000
11746800.0 0.000000 0.260000
11750400.0 0.000000 0.220000
11754000.0 0.000000 0.180000
11757600.0 0.000000 0.160000
11761200.0 0.000000 0.160000
11764800.0 0.000000 0.180000
11768400.0 0.000000 0.280000
11772000.0 0.000000 0.400000
11775600.0 0.038490 0.450000
11779200.0 0.187502 0.500000
11782800.0 0.348323 0.550000
11786400.0 0.481878 0.580000
11790000.0 0.574532 0.600000
11793600.0 0.621400 0.580000
11797200.0 0.621463 0.550000
11800800.0 0.575638 0.520000
11804400.0 0.486364 0.550000
11808000.0 0.358733 0.680000
11811600.0 0.204301 0.880000
11815200.0 0.054258 1.000000
11818800.0 0.000000 0.950000
11822400.0 0.000000 0.750000
11826000.0 0.000000 0.520000
11829600.0 0.000000 0.350000
11833200.0 0.000000 0.260000
11836800.0 0.000000 0.220000
11840400.0 0.000000 0.180000
11844000.0 0.000000 0.160000
11847600.0 0.000000 0.160000
11851200.0 0.000000 0.180000
11854800.0 0.000000 0.280000
11858400.0 0.000000 0.400000
11862000.0 0.038619 0.450000
11865600.0 0.187208 0.500000
11869200.0 0.347622 0.550000
11872800.0 0.480902 0.580000
11876400.0 0.573396 0.600000
11880000.0 0.620203 0.580000
11883600.0 0.620293 0.550000
11887200.0 0.574577 0.520000
11890800.0 0.485500 0.550000
11894400.0 0.358163 0.680000
11898000.0 0.204123 0.880000
11901600.0 0.054473 1.000000
11905200.0 0.000000 0.950000
11908800.0 0.000000 0.750000
11912400.0 0.000000 0.520000
11916000.0 0.000000 0.350000
11919600.0 0.000000 0.260000
11923200.0 0.000000 0.220000
11926800.0 0.000000 0.180000
11930400.0 0.000000 0.160000
11934000.0 0.000000 0.160000
11937600.0 0.000000 0.180000
11941200.0 0.000000 0.280000
11944800.0 0.000000 0.400000
11948400.0 0.038725 0.450000
11952000.0 0.186887 0.500000
11955600.0 0.346904 0.550000
11959200.0 0.479918 0.580000
11962800.0 0.572261 0.600000
11966400.0 0.619016 0.580000
11970000.0 0.619139 0.550000
11973600.0 0.573539 0.520000
11977200.0 0.484663 0.550000
11980800.0 0.357620 0.680000
11984400.0 0.203969 0.880000
11988000.0 0.054700 1.000000
11991600.0 0.000000 0.950000
11995200.0 0.000000 0.750000
11998800.0 0.000000 0.520000
12002400.0 0.000000 0.350000
12006000.0 0.000000 0.260000
12009600.0 0.000000 0.220000
12013200.0 0.000000 0.180000
12016800.0 0.000000 0.160000
12020400.0 0.000000 0.160000
12024000.0 0.000000 0.180000
12027600.0 0.000000 0.280000
12031200.0 0.000000 0.400000
12034800.0 0.038807 0.450000
12038400.0 0.186540 0.500000
12042000.0 0.346170 0.550000
12045600.0 0.478927 0.580000
12049200.0 0.571129 0.600000
12052800.0 0.617840 0.580000
12056400.0 0.618004 0.550000
12060000.0 0.572524 0.520000
12063600.0 0.483852 0.550000
12067200.0 0.357103 0.680000
12070800.0 0.203837 0.880000
12074400.0 0.054937 1.000000
12078000.0 0.000000 0.950000
12081600.0 0.000000 0.750000
12085200.0 0.000000 0.520000
12088800.0 0.000000 0.350000
12092400.0 0.000000 0.260000
12096000.0 0.000000 0.220000
12099600.0 0.000000 0.180000
12103200.0 0.000000 0.160000
12106800.0 0.000000 0.160000
12110400.0 0.000000 0.180000
12114000.0 0.000000 0.280000
12117600.0 0.000000 0.400000
12121200.0 0.038864 0.450000
12124800.0 0.186169 0.500000
12128400.0 0.345419 0.550000
12132000.0 0.477930 0.580000
12135600.0 0.570001 0.600000
12139200.0 0.616676 0.580000
12142800.0 0.616887 0.550000
12146400.0 0.571534 0.520000
12150000.0 0.483068 0.550000
12153600.0 0.356614 0.680000
12157200.0 0.203727 0.880000
12160800.0 0.055185 1.000000
12164400.0 0.000000 0.950000
12168000.0 0.000000 0.750000
12171600.0 0.000000 0.520000
12175200.0 0.000000 0.350000
12178800.0 0.000000 0.260000
12182400.0 0.000000 0.220000
12186000.0 0.000000 0.180000
12189600.0 0.000000 0.160000
12193200.0 0.000000 0.160000
12196800.0 0.000000 0.180000
12200400.0 0.000000 0.280000
12204000.0 0.000000 0.400000
12207600.0 0.038899 0.450000
12211200.0 0.185773 0.500000
12214800.0 0.344654 0.550000
12218400.0 0.476929 0.580000
12222000.0 0.568878 0.600000
12225600.0 0.615525 0.580000
12229200.0 0.615790 0.550000
12232800.0 0.570568 0.520000
12236400.0 0.482312 0.550000
12240000.0 0.356153 0.680000
12243600.0 0.203641 0.880000
12247200.0 0.055443 1.000000
12250800.0 0.000000 0.950000
12254400.0 0.000000 0.750000
12258000.0 0.000000 0.520000
12261600.0 0.000000 0.350000
12265200.0 0.000000 0.260000
12268800.0 0.000000 0.220000
12272400.0 0.000000 0.180000
12276000.0 0.000000 0.160000
12279600.0 0.000000 0.160000
12283200.0 0.000000 0.180000
12286800.0 0.000000 0.280000
12290400.0 0.000000 0.400000
12294000.0 0.038911 0.450000
12297600.0 0.185354 0.500000
12301200.0 0.343874 0.550000
12304800.0 0.475924 0.580000
12308400.0 0.567760 0.600000
12312000.0 0.614388 0.580000
12315600.0 0.614714 0.550000
12319200.0 0.569628 0.520000
12322800.0 0.481585 0.550000
12326400.0 0.355719 0.680000
12330000.0 0.203577 0.880000
12333600.0 0.055712 1.000000
12337200.0 0.000000 0.950000
12340800.0 0.000000 0.750000
12344400.0 0.000000 0.520000
12348000.0 0.000000 0.350000
12351600.0 0.000000 0.260000
12355200.0 0.000000 0.220000
12358800.0 0.000000 0.180000
12362400.0 0.000000 0.160000
12366000.0 0.000000 0.160000
12369600.0 0.000000 0.180000
12373200.0 0.000000 0.280000
12376800.0 0.000000 0.400000
12380400.0 0.038900 0.450000
12384000.0 0.184912 0.500000
12387600.0 0.343082 0.550000
12391200.0 0.474916 0.580000
12394800.0 0.566650 0.600000
12398400.0 0.613266 0.580000
12402000.0 0.613660 0.550000
12405600.0 0.568714 0.520000
12409200.0 0.480886 0.550000
12412800.0 0.355313 0.680000
12416400.0 0.203535 0.880000
12420000.0 0.055991 1.000000
12423600.0 0.000000 0.950000
12427200.0 0.000000 0.750000
12430800.0 0.000000 0.520000
12434400.0 0.000000 0.350000
12438000.0 0.000000 0.260000
12441600.0 0.000000 0.220000
12445200.0 0.000000 0.180000
12448800.0 0.000000 0.160000
12452400.0 0.000000 0.160000
12456000.0 0.000000 0.180000
12459600.0 0.000000 0.280000
12463200.0 0.000000 0.400000
12466800.0 0.038867 0.450000
12470400.0 0.184449 0.500000
12474000.0 0.342277 0.550000
12477600.0 0.473907 0.580000
12481200.0 0.565547 0.600000
12484800.0 0.612160 0.580000
12488400.0 0.612628 0.550000
12492000.0 0.567827 0.520000
12495600.0 0.480217 0.550000
12499200.0 0.354936 0.680000
12502800.0 0.203517 0.880000
12506400.0 0.056281 1.000000
12510000.0 0.000000 0.950000
12513600.0 0.000000 0.750000
12517200.0 0.000000 0.520000
12520800.0 0.000000 0.350000
12524400.0 0.000000 0.260000
12528000.0 0.000000 0.220000
12531600.0 0.000000 0.180000
12535200.0 0.000000 0.160000
12538800.0 0.000000 0.160000
12542400.0 0.000000 0.180000
12546000.0 0.000000 0.280000
12549600.0 0.000000 0.400000
12553200.0 0.038812 0.450000
12556800.0 0.183964 0.500000
12560400.0 0.341461 0.550000
12564000.0 0.472897 0.580000
12567600.0 0.564453 0.600000
12571200.0 0.611072 0.580000
12574800.0 0.611620 0.550000
12578400.0 0.566968 0.520000
12582000.0 0.479577 0.550000
12585600.0 0.354587 0.680000
12589200.0 0.203520 0.880000
12592800.0 0.056580 1.000000
12596400.0 0.000000 0.950000
12600000.0 0.000000 0.750000
12603600.0 0.000000 0.520000
12607200.0 0.000000 0.350000
12610800.0 0.000000 0.260000
12614400.0 0.000000 0.220000
12618000.0 0.000000 0.180000
12621600.0 0.000000 0.160000
12625200.0 0.000000 0.160000
12628800.0 0.000000 0.180000
12632400.0 0.000000 0.280000
12636000.0 0.000000 0.400000
12639600.0 0.038735 0.450000
12643200.0 0.183459 0.500000
12646800.0 0.340635 0.550000
12650400.0 0.471887 0.580000
12654000.0 0.563370 0.600000
12657600.0 0.610001 0.580000
12661200.0 0.610635 0.550000
12664800.0 0.566138 0.520000
12668400.0 0.478967 0.550000
12672000.0 0.354267 0.680000
12675600.0 0.203546 0.880000
12679200.0 0.056890 1.000000
12682800.0 0.000000 0.950000
12686400.0 0.000000 0.750000
12690000.0 0.000000 0.520000
12693600.0 0.000000 0.350000
12697200.0 0.000000 0.260000
12700800.0 0.000000 0.220000
12704400.0 0.000000 0.180000
12708000.0 0.000000 0.160000
12711600.0 0.000000 0.160000
12715200.0 0.000000 0.180000
12718800.0 0.000000 0.280000
12722400.0 0.000000 0.400000
12726000.0 0.038638 0.450000
12729600.0 0.182934 0.500000
12733200.0 0.339800 0.550000
12736800.0 0.470879 0.580000
12740400.0 0.562297 0.600000
12744000.0 0.608949 0.580000
12747600.0 0.609676 0.550000
12751200.0 0.565336 0.520000
12754800.0 0.478388 0.550000
12758400.0 0.353976 0.680000
12762000.0 0.203594 0.880000
12765600.0 0.057208 1.000000
12769200.0 0.000000 0.950000
12772800.0 0.000000 0.750000
12776400.0 0.000000 0.520000
12780000.0 0.000000 0.350000
12783600.0 0.000000 0.260000
12787200.0 0.000000 0.220000
12790800.0 0.000000 0.180000
12794400.0 0.000000 0.160000
12798000.0 0.000000 0.160000
12801600.0 0.000000 0.180000
12805200.0 0.000000 0.280000
12808800.0 0.000000 0.400000
12812400.0 0.038520 0.450000
12816000.0 0.182390 0.500000
12819600.0 0.338956 0.550000
12823200.0 0.469873 0.580000
12826800.0 0.561236 0.600000
12830400.0 0.607917 0.580000
12834000.0 0.608742 0.550000
12837600.0 0.564564 0.520000
12841200.0 0.477840 0.550000
12844800.0 0.353713 0.680000
12848400.0 0.203664 0.880000
12852000.0 0.057537 1.000000
12855600.0 0.000000 0.950000
12859200.0 0.000000 0.750000
12862800.0 0.000000 0.520000
12866400.0 0.000000 0.350000
12870000.0 0.000000 0.260000
12873600.0 0.000000 0.220000
12877200.0 0.000000 0.180000
12880800.0 0.000000 0.160000
12884400.0 0.000000 0.160000
12888000.0 0.000000 0.180000
12891600.0 0.000000 0.280000
12895200.0 0.000000 0.400000
12898800.0 0.038381 0.450000
12902400.0 0.181828 0.500000
12906000.0 0.338104 0.550000
12909600.0 0.468871 0.580000
12913200.0 0.560188 0.600000
12916800.0 0.606905 0.580000
12920400.0 0.607835 0.550000
12924000.0 0.563823 0.520000
12927600.0 0.477323 0.550000
12931200.0 0.353479 0.680000
12934800.0 0.203756 0.880000
12938400.0 0.057874 1.000000
12942000.0 0.000000 0.950000
12945600.0 0.000000 0.750000
12949200.0 0.000000 0.520000
12952800.0 0.000000 0.350000
12956400.0 0.000000 0.260000
12960000.0 0.000000 0.220000
12963600.0 0.000000 0.180000
12967200.0 0.000000 0.160000
12970800.0 0.000000 0.160000
12974400.0 0.000000 0.180000
12978000.0 0.000000 0.280000
12981600.0 0.000000 0.400000
12985200.0 0.038224 0.450000
12988800.0 0.181249 0.500000
12992400.0 0.337246 0.550000
12996000.0 0.467873 0.580000
12999600.0 0.559154 0.600000
13003200.0 0.605916 0.580000
13006800.0 0.606955 0.550000
13010400.0 0.563111 0.520000
13014000.0 0.476838 0.550000
13017600.0 0.353274 0.680000
13021200.0 0.203869 0.880000
13024800.0 0.058219 1.000000
13028400.0 0.000000 0.950000
13032000.0 0.000000 0.750000
13035600.0 0.000000 0.520000
13039200.0 0.000000 0.350000
13042800.0 0.000000 0.260000
13046400.0 0.000000 0.220000
13050000.0 0.000000 0.180000
13053600.0 0.000000 0.160000
13057200.0 0.000000 0.160000
13060800.0 0.000000 0.180000
13064400.0 0.000000 0.280000
13068000.0 0.000000 0.400000
13071600.0 0.038047 0.450000
13075200.0 0.180653 0.500000
13078800.0 0.336383 0.550000
13082400.0 0.466881 0.580000
13086000.0 0.558135 0.600000
13089600.0 0.604948 0.580000
13093200.0 0.606103 0.550000
13096800.0 0.562431 0.520000
13100400.0 0.476384 0.550000
13104000.0 0.353098 0.680000
13107600.0 0.204003 0.880000
13111200.0 0.058573 1.000000
13114800.0 0.000000 0.950000
13118400.0 0.000000 0.750000
13122000.0 0.000000 0.520000
13125600.0 0.000000 0.350000
13129200.0 0.000000 0.260000
13132800.0 0.000000 0.220000
13136400.0 0.000000 0.180000
13140000.0 0.000000 0.160000
13143600.0 0.000000 0.160000
13147200.0 0.000000 0.180000
13150800.0 0.000000 0.280000
13154400.0 0.000000 0.400000
13158000.0 0.038081 0.450000
13161600.0 0.180916 0.500000
13165200.0 0.337092 0.550000
13168800.0 0.468534 0.580000
13172400.0 0.560990 0.600000
13176000.0 0.608864 0.580000
13179600.0 0.610602 0.550000
13183200.0 0.566883 0.520000
13186800.0 0.480232 0.550000
13190400.0 0.356044 0.680000
13194000.0 0.206025 0.880000
13197600.0 0.059571 1.000000
13201200.0 0.000000 0.950000
13204800.0 0.000000 0.750000
13208400.0 0.000000 0.520000
13212000.0 0.000000 0.350000
13215600.0 0.000000 0.260000
13219200.0 0.000000 0.220000
13222800.0 0.000000 0.180000
13226400.0 0.000000 0.160000
13230000.0 0.000000 0.160000
13233600.0 0.000000 0.180000
13237200.0 0.000000 0.280000
13240800.0 0.000000 0.400000
13244400.0 0.037868 0.450000
13248000.0 0.180295 0.500000
13251600.0 0.336225 0.550000
13255200.0 0.467557 0.580000
13258800.0 0.560002 0.600000
13262400.0 0.607942 0.580000
13266000.0 0.609806 0.550000
13269600.0 0.566266 0.520000
13273200.0 0.479844 0.550000
13276800.0 0.355930 0.680000
13280400.0 0.206207 0.880000
13284000.0 0.059947 1.000000
13287600.0 0.000000 0.950000
13291200.0 0.000000 0.750000
13294800.0 0.000000 0.520000
13298400.0 0.000000 0.350000
13302000.0 0.000000 0.260000
13305600.0 0.000000 0.220000
13309200.0 0.000000 0.180000
13312800.0 0.000000 0.160000
13316400.0 0.000000 0.160000
13320000.0 0.000000 0.180000
13323600.0 0.000000 0.280000
13327200.0 0.000000 0.400000
13330800.0 0.037638 0.450000
13334400.0 0.179660 0.500000
13338000.0 0.335355 0.550000
13341600.0 0.466589 0.580000
13345200.0 0.559033 0.600000
13348800.0 0.607044 0.580000
13352400.0 0.609039 0.550000
13356000.0 0.565682 0.520000
13359600.0 0.479489 0.550000
13363200.0 0.355843 0.680000
13366800.0 0.206408 0.880000
13370400.0 0.060328 1.000000
13374000.0 0.000000 0.950000
13377600.0 0.000000 0.750000
13381200.0 0.000000 0.520000
13384800.0 0.000000 0.350000
13388400.0 0.000000 0.260000
13392000.0 0.000000 0.220000
13395600.0 0.000000 0.180000
13399200.0 0.000000 0.160000
13402800.0 0.000000 0.160000
13406400.0 0.000000 0.180000
13410000.0 0.000000 0.280000
13413600.0 0.000000 0.400000
13417200.0 0.037392 0.450000
13420800.0 0.179012 0.500000
13424400.0 0.334484 0.550000
13428000.0 0.465630 0.580000
13431600.0 0.558082 0.600000
13435200.0 0.606173 0.580000
13438800.0 0.608303 0.550000
13442400.0 0.565130 0.520000
13446000.0 0.479165 0.550000
13449600.0 0.355784 0.680000
13453200.0 0.206627 0.880000
13456800.0 0.060716 1.000000
13460400.0 0.000000 0.950000
13464000.0 0.000000 0.750000
13467600.0 0.000000 0.520000
13471200.0 0.000000 0.350000
13474800.0 0.000000 0.260000
13478400.0 0.000000 0.220000
13482000.0 0.000000 0.180000
13485600.0 0.000000 0.160000
13489200.0 0.000000 0.160000
13492800.0 0.000000 0.180000
13496400.0 0.000000 0.280000
13500000.0 0.000000 0.400000
13503600.0 0.037130 0.450000
13507200.0 0.178354 0.500000
13510800.0 0.333613 0.550000
13514400.0 0.464682 0.580000
13518000.0 0.557151 0.600000
13521600.0 0.605327 0.580000
13525200.0 0.607598 0.550000
13528800.0 0.564610 0.520000
13532400.0 0.478871 0.550000
13536000.0 0.355752 0.680000
13539600.0 0.206864 0.880000
13543200.0 0.061109 1.000000
13546800.0 0.000001 0.950000
13550400.0 0.000000 0.750000
13554000.0 0.000000 0.520000
13557600.0 0.000000 0.350000
13561200.0 0.000000 0.260000
13564800.0 0.000000 0.220000
13568400.0 0.000000 0.180000
13572000.0 0.000000 0.160000
13575600.0 0.000000 0.160000
13579200.0 0.000000 0.180000
13582800.0 0.000000 0.280000
13586400.0 0.000000 0.400000
13590000.0 0.036854 0.450000
13593600.0 0.177685 0.500000
13597200.0 0.332744 0.550000
13600800.0 0.463746 0.580000
13604400.0 0.556241 0.600000
13608000.0 0.604509 0.580000
13611600.0 0.606923 0.550000
13615200.0 0.564123 0.520000
13618800.0 0.478609 0.550000
13622400.0 0.355745 0.680000
13626000.0 0.207118 0.880000
13629600.0 0.061506 1.000000
13633200.0 0.000001 0.950000
13636800.0 0.000000 0.750000
13640400.0 0.000000 0.520000
13644000.0 0.000000 0.350000
13647600.0 0.000000 0.260000
13651200.0 0.000000 0.220000
13654800.0 0.000000 0.180000
13658400.0 0.000000 0.160000
13662000.0 0.000000 0.160000
13665600.0 0.000000 0.180000
13669200.0 0.000000 0.280000
13672800.0 0.000000 0.400000
13676400.0 0.036564 0.450000
13680000.0 0.177007 0.500000
13683600.0 0.331877 0.550000
13687200.0 0.462824 0.580000
13690800.0 0.555352 0.600000
13694400.0 0.603719 0.580000
13698000.0 0.606281 0.550000
13701600.0 0.563668 0.520000
13705200.0 0.478378 0.550000
13708800.0 0.355763 0.680000
13712400.0 0.207388 0.880000
13716000.0 0.061907 1.000000
13719600.0 0.000001 0.950000
13723200.0 0.000000 0.750000
13726800.0 0.000000 0.520000
13730400.0 0.000000 0.350000
13734000.0 0.000000 0.260000
13737600.0 0.000000 0.220000
13741200.0 0.000000 0.180000
13744800.0 0.000000 0.160000
13748400.0 0.000000 0.160000
13752000.0 0.000000 0.180000
13755600.0 0.000000 0.280000
13759200.0 0.000000 0.400000
13762800.0 0.036260 0.450000
13766400.0 0.176322 0.500000
13770000.0 0.331014 0.550000
13773600.0 0.461916 0.580000
13777200.0 0.554487 0.600000
13780800.0 0.602957 0.580000
13784400.0 0.605670 0.550000
13788000.0 0.563246 0.520000
13791600.0 0.478177 0.550000
13795200.0 0.355807 0.680000
13798800.0 0.207673 0.880000
13802400.0 0.062311 1.000000
13806000.0 0.000002 0.950000
13809600.0 0.000000 0.750000
13813200.0 0.000000 0.520000
13816800.0 0.000000 0.350000
13820400.0 0.000000 0.260000
13824000.0 0.000000 0.220000
13827600.0 0.000000 0.180000
13831200.0 0.000000 0.160000
13834800.0 0.000000 0.160000
13838400.0 0.000000 0.180000
13842000.0 0.000000 0.280000
13845600.0 0.000000 0.400000
13849200.0 0.035945 0.450000
13852800.0 0.175630 0.500000
13856400.0 0.330156 0.550000
13860000.0 0.461023 0.580000
13863600.0 0.553645 0.600000
13867200.0 0.602225 0.580000
13870800.0 0.605091 0.550000
13874400.0 0.562857 0.520000
13878000.0 0.478006 0.550000
13881600.0 0.355874 0.680000
13885200.0 0.207972 0.880000
13888800.0 0.062718 1.000000
13892400.0 0.000003 0.950000
13896000.0 0.000000 0.750000
13899600.0 0.000000 0.520000
13903200.0 0.000000 0.350000
13906800.0 0.000000 0.260000
13910400.0 0.000000 0.220000
13914000.0 0.000000 0.180000
13917600.0 0.000000 0.160000
13921200.0 0.000000 0.160000
13924800.0 0.000000 0.180000
13928400.0 0.000000 0.280000
13932000.0 0.000000 0.400000
13935600.0 0.035618 0.450000
13939200.0 0.174933 0.500000
13942800.0 0.329304 0.550000
13946400.0 0.460148 0.580000
13950000.0 0.552827 0.600000
13953600.0 0.601523 0.580000
13957200.0 0.604545 0.550000
13960800.0 0.562500 0.520000
13964400.0 0.477865 0.550000
13968000.0 0.355965 0.680000
13971600.0 0.208285 0.880000
13975200.0 0.063125 1.000000
13978800.0 0.000003 0.950000
13982400.0 0.000000 0.750000
13986000.0 0.000000 0.520000
13989600.0 0.000000 0.350000
13993200.0 0.000000 0.260000
13996800.0 0.000000 0.220000
14000400.0 0.000000 0.180000
14004000.0 0.000000 0.160000
14007600.0 0.000000 0.160000
14011200.0 0.000000 0.180000
14014800.0 0.000000 0.280000
14018400.0 0.000000 0.400000
14022000.0 0.035281 0.450000
14025600.0 0.174232 0.500000
14029200.0 0.328460 0.550000
14032800.0 0.459289 0.580000
14036400.0 0.552035 0.600000
14040000.0 0.600851 0.580000
14043600.0 0.604032 0.550000
14047200.0 0.562176 0.520000
14050800.0 0.477753 0.550000
14054400.0 0.356079 0.680000
14058000.0 0.208611 0.880000
14061600.0 0.063534 1.000000
14065200.0 0.000004 0.950000
14068800.0 0.000000 0.750000
14072400.0 0.000000 0.520000
14076000.0 0.000000 0.350000
14079600.0 0.000000 0.260000
14083200.0 0.000000 0.220000
14086800.0 0.000000 0.180000
14090400.0 0.000000 0.160000
14094000.0 0.000000 0.160000
14097600.0 0.000000 0.180000
14101200.0 0.000000 0.280000
14104800.0 0.000000 0.400000
14108400.0 0.034934 0.450000
14112000.0 0.173527 0.500000
14115600.0 0.327624 0.550000
14119200.0 0.458450 0.580000
14122800.0 0.551269 0.600000
14126400.0 0.600210 0.580000
14130000.0 0.603553 0.550000
14133600.0 0.561884 0.520000
14137200.0 0.477670 0.550000
14140800.0 0.356215 0.680000
14144400.0 0.208948 0.880000
14148000.0 0.063943 1.000000
14151600.0 0.000005 0.950000
14155200.0 0.000000 0.750000
14158800.0 0.000000 0.520000
14162400.0 0.000000 0.350000
14166000.0 0.000000 0.260000
14169600.0 0.000000 0.220000
14173200.0 0.000000 0.180000
14176800.0 0.000000 0.160000
14180400.0 0.000000 0.160000
14184000.0 0.000000 0.180000
14187600.0 0.000000 0.280000
14191200.0 0.000000 0.400000
14194800.0 0.034577 0.450000
14198400.0 0.172821 0.500000
14202000.0 0.326798 0.550000
14205600.0 0.457630 0.580000
14209200.0 0.550530 0.600000
14212800.0 0.599600 0.580000
14216400.0 0.603106 0.550000
14220000.0 0.561625 0.520000
14223600.0 0.477615 0.550000
14227200.0 0.356372 0.680000
14230800.0 0.209297 0.880000
14234400.0 0.064351 1.000000
14238000.0 0.000007 0.950000
14241600.0 0.000000 0.750000
14245200.0 0.000000 0.520000
14248800.0 0.000000 0.350000
14252400.0 0.000000 0.260000
14256000.0 0.000000 0.220000
14259600.0 0.000000 0.180000
14263200.0 0.000000 0.160000
14266800.0 0.000000 0.160000
14270400.0 0.000000 0.180000
14274000.0 0.000000 0.280000
14277600.0 0.000000 0.400000
14281200.0 0.034213 0.450000
14284800.0 0.172113 0.500000
14288400.0 0.325982 0.550000
14292000.0 0.456830 0.580000
14295600.0 0.549819 0.600000
14299200.0 0.599023 0.580000
14302800.0 0.602693 0.550000
14306400.0 0.561398 0.520000
14310000.0 0.477589 0.550000
14313600.0 0.356551 0.680000
14317200.0 0.209655 0.880000
14320800.0 0.064758 1.000000
14324400.0 0.000008 0.950000
14328000.0 0.000000 0.750000
14331600.0 0.000000 0.520000
14335200.0 0.000000 0.350000
14338800.0 0.000000 0.260000
14342400.0 0.000000 0.220000
14346000.0 0.000000 0.180000
14349600.0 0.000000 0.160000
14353200.0 0.000000 0.160000
14356800.0 0.000000 0.180000
14360400.0 0.000000 0.280000
14364000.0 0.000000 0.400000
14367600.0 0.033841 0.450000
14371200.0 0.171405 0.500000
14374800.0 0.325178 0.550000
14378400.0 0.456052 0.580000
14382000.0 0.549136 0.600000
14385600.0 0.598477 0.580000
14389200.0 0.602313 0.550000
14392800.0 0.561204 0.520000
14396400.0 0.477591 0.550000
14400000.0 0.356749 0.680000
14403600.0 0.210023 0.880000
14407200.0 0.065163 1.000000
14410800.0 0.000010 0.950000
14414400.0 0.000000 0.750000
14418000.0 0.000000 0.520000
14421600.0 0.000000 0.350000
14425200.0 0.000000 0.260000
14428800.0 0.000000 0.220000
14432400.0 0.000000 0.180000
14436000.0 0.000000 0.160000
14439600.0 0.000000 0.160000
14443200.0 0.000000 0.180000
14446800.0 0.000000 0.280000
14450400.0 0.000000 0.400000
14454000.0 0.033461 0.450000
14457600.0 0.170698 0.500000
14461200.0 0.324386 0.550000
14464800.0 0.455296 0.580000
14468400.0 0.548481 0.600000
14472000.0 0.597965 0.580000
14475600.0 0.601968 0.550000
14479200.0 0.561041 0.520000
14482800.0 0.477620 0.550000
14486400.0 0.356967 0.680000
14490000.0 0.210400 0.880000
14493600.0 0.065565 1.000000
14497200.0 0.000011 0.950000
14500800.0 0.000000 0.750000
14504400.0 0.000000 0.520000
14508000.0 0.000000 0.350000
14511600.0 0.000000 0.260000
14515200.0 0.000000 0.220000
14518800.0 0.000000 0.180000
14522400.0 0.000000 0.160000
14526000.0 0.000000 0.160000
14529600.0 0.000000 0.180000
14533200.0 0.000000 0.280000
14536800.0 0.000000 0.400000
14540400.0 0.033076 0.450000
14544000.0 0.169993 0.500000
14547600.0 0.323608 0.550000
14551200.0 0.454562 0.580000
14554800.0 0.547856 0.600000
14558400.0 0.597485 0.580000
14562000.0 0.601655 0.550000
14565600.0 0.560910 0.520000
14569200.0 0.477676 0.550000
14572800.0 0.357204 0.680000
14576400.0 0.210785 0.880000
14580000.0 0.065964 1.000000
14583600.0 0.000013 0.950000
14587200.0 0.000000 0.750000
14590800.0 0.000000 0.520000
14594400.0 0.000000 0.350000
14598000.0 0.000000 0.260000
14601600.0 0.000000 0.220000
14605200.0 0.000000 0.180000
14608800.0 0.000000 0.160000
14612400.0 0.000000 0.160000
14616000.0 0.000000 0.180000
14619600.0 0.000000 0.280000
14623200.0 0.000000 0.400000
14626800.0 0.032685 0.450000
14630400.0 0.169290 0.500000
14634000.0 0.322844 0.550000
14637600.0 0.453853 0.580000
14641200.0 0.547261 0.600000
14644800.0 0.597038 0.580000
14648400.0 0.601377 0.550000
14652000.0 0.560810 0.520000
14655600.0 0.477758 0.550000
14659200.0 0.357459 0.680000
14662800.0 0.211177 0.880000
14666400.0 0.066359 1.000000
14670000.0 0.000016 0.950000
14673600.0 0.000000 0.750000
14677200.0 0.000000 0.520000
14680800.0 0.000000 0.350000
14684400.0 0.000000 0.260000
14688000.0 0.000000 0.220000
14691600.0 0.000000 0.180000
14695200.0 0.000000 0.160000
14698800.0 0.000000 0.160000
14702400.0 0.000000 0.180000
14706000.0 0.000000 0.280000
14709600.0 0.000000 0.400000
14713200.0 0.032288 0.450000
14716800.0 0.168590 0.500000
14720400.0 0.322095 0.550000
14724000.0 0.453167 0.580000
14727600.0 0.546696 0.600000
14731200.0 0.596625 0.580000
14734800.0 0.601133 0.550000
14738400.0 0.560742 0.520000
14742000.0 0.477866 0.550000
14745600.0 0.357732 0.680000
14749200.0 0.211575 0.880000
14752800.0 0.066749 1.000000
14756400.0 0.000018 0.950000
14760000.0 0.000000 0.750000
14763600.0 0.000000 0.520000
14767200.0 0.000000 0.350000
14770800.0 0.000000 0.260000
14774400.0 0.000000 0.220000
14778000.0 0.000000 0.180000
14781600.0 0.000000 0.160000
14785200.0 0.000000 0.160000
14788800.0 0.000000 0.180000
14792400.0 0.000000 0.280000
14796000.0 0.000000 0.400000
14799600.0 0.031888 0.450000
14803200.0 0.167894 0.500000
14806800.0 0.321361 0.550000
14810400.0 0.452506 0.580000
14814000.0 0.546162 0.600000
14817600.0 0.596246 0.580000
14821200.0 0.600922 0.550000
14824800.0 0.560705 0.520000
14828400.0 0.477999 0.550000
14832000.0 0.358022 0.680000
14835600.0 0.211979 0.880000
14839200.0 0.067134 1.000000
14842800.0 0.000020 0.950000
14846400.0 0.000000 0.750000
14850000.0 0.000000 0.520000
14853600.0 0.000000 0.350000
14857200.0 0.000000 0.260000
14860800.0 0.000000 0.220000
14864400.0 0.000000 0.180000
14868000.0 0.000000 0.160000
14871600.0 0.000000 0.160000
14875200.0 0.000000 0.180000
14878800.0 0.000000 0.280000
14882400.0 0.000000 0.400000
14886000.0 0.031483 0.450000
14889600.0 0.167203 0.500000
14893200.0 0.320644 0.550000
14896800.0 0.451870 0.580000
14900400.0 0.545659 0.600000
14904000.0 0.595900 0.580000
14907600.0 0.600744 0.550000
14911200.0 0.560698 0.520000
14914800.0 0.478158 0.550000
14918400.0 0.358327 0.680000
14922000.0 0.212387 0.880000
14925600.0 0.067514 1.000000
14929200.0 0.000023 0.950000
14932800.0 0.000000 0.750000
14936400.0 0.000000 0.520000
14940000.0 0.000000 0.350000
14943600.0 0.000000 0.260000
14947200.0 0.000000 0.220000
14950800.0 0.000000 0.180000
14954400.0 0.000000 0.160000
14958000.0 0.000000 0.160000
14961600.0 0.000000 0.180000
14965200.0 0.000000 0.280000
14968800.0 0.000000 0.400000
14972400.0 0.031075 0.450000
14976000.0 0.166518 0.500000
14979600.0 0.319944 0.550000
14983200.0 0.451260 0.580000
14986800.0 0.545187 0.600000
14990400.0 0.595588 0.580000
14994000.0 0.600600 0.550000
14997600.0 0.560722 0.520000
15001200.0 0.478340 0.550000
15004800.0 0.358648 0.680000
15008400.0 0.212800 0.880000
15012000.0 0.067886 1.000000
15015600.0 0.000026 0.950000
15019200.0 0.000000 0.750000
15022800.0 0.000000 0.520000
15026400.0 0.000000 0.350000
15030000.0 0.000000 0.260000
15033600.0 0.000000 0.220000
15037200.0 0.000000 0.180000
15040800.0 0.000000 0.160000
15044400.0 0.000000 0.160000
15048000.0 0.000000 0.180000
15051600.0 0.000000 0.280000
15055200.0 0.000000 0.400000
15058800.0 0.030664 0.450000
15062400.0 0.165839 0.500000
15066000.0 0.319261 0.550000
15069600.0 0.450677 0.580000
15073200.0 0.544747 0.600000
15076800.0 0.595310 0.580000
15080400.0 0.600490 0.550000
15084000.0 0.560775 0.520000
15087600.0 0.478547 0.550000
15091200.0 0.358984 0.680000
15094800.0 0.213216 0.880000
15098400.0 0.068252 1.000000
15102000.0 0.000029 0.950000
15105600.0 0.000000 0.750000
15109200.0 0.000000 0.520000
15112800.0 0.000000 0.350000
15116400.0 0.000000 0.260000
15120000.0 0.000000 0.220000
15123600.0 0.000000 0.180000
15127200.0 0.000000 0.160000
15130800.0 0.000000 0.160000
15134400.0 0.000000 0.180000
15138000.0 0.000000 0.280000
15141600.0 0.000000 0.400000
15145200.0 0.030251 0.450000
15148800.0 0.165166 0.500000
15152400.0 0.318597 0.550000
15156000.0 0.450120 0.580000
15159600.0 0.544339 0.600000
15163200.0 0.595066 0.580000
15166800.0 0.600412 0.550000
15170400.0 0.560858 0.520000
15174000.0 0.478776 0.550000
15177600.0 0.359334 0.680000
15181200.0 0.213635 0.880000
15184800.0 0.068610 1.000000
15188400.0 0.000032 0.950000
15192000.0 0.000000 0.750000
15195600.0 0.000000 0.520000
15199200.0 0.000000 0.350000
15202800.0 0.000000 0.260000
15206400.0 0.000000 0.220000
15210000.0 0.000000 0.180000
15213600.0 0.000000 0.160000
15217200.0 0.000000 0.160000
15220800.0 0.000000 0.180000
15224400.0 0.000000 0.280000
15228000.0 0.000000 0.400000
15231600.0 0.029836 0.450000
15235200.0 0.164501 0.500000
15238800.0 0.317951 0.550000
15242400.0 0.449590 0.580000
15246000.0 0.543963 0.600000
15249600.0 0.594856 0.580000
15253200.0 0.600368 0.550000
15256800.0 0.560970 0.520000
15260400.0 0.479028 0.550000
15264000.0 0.359698 0.680000
15267600.0 0.214055 0.880000
15271200.0 0.068959 1.000000
15274800.0 0.000035 0.950000
15278400.0 0.000000 0.750000
15282000.0 0.000000 0.520000
15285600.0 0.000000 0.350000
15289200.0 0.000000 0.260000
15292800.0 0.000000 0.220000
15296400.0 0.000000 0.180000
15300000.0 0.000000 0.160000
15303600.0 0.000000 0.160000
15307200.0 0.000000 0.180000
15310800.0 0.000000 0.280000
15314400.0 0.000000 0.400000
15318000.0 0.029420 0.450000
15321600.0 0.163843 0.500000
15325200.0 0.317325 0.550000
15328800.0 0.449088 0.580000
15332400.0 0.543619 0.600000
15336000.0 0.594680 0.580000
15339600.0 0.600356 0.550000
15343200.0 0.561111 0.520000
15346800.0 0.479303 0.550000
15350400.0 0.360074 0.680000
15354000.0 0.214477 0.880000
15357600.0 0.069299 1.000000
15361200.0 0.000039 0.950000
15364800.0 0.000000 0.750000
15368400.0 0.000000 0.520000
15372000.0 0.000000 0.350000
15375600.0 0.000000 0.260000
15379200.0 0.000000 0.220000
15382800.0 0.000000 0.180000
15386400.0 0.000000 0.160000
15390000.0 0.000000 0.160000
15393600.0 0.000000 0.180000
15397200.0 0.000000 0.280000
15400800.0 0.000000 0.400000
15404400.0 0.029002 0.450000
15408000.0 0.163194 0.500000
15411600.0 0.316719 0.550000
15415200.0 0.448614 0.580000
15418800.0 0.543308 0.600000
15422400.0 0.594538 0.580000
15426000.0 0.600377 0.550000
15429600.0 0.561281 0.520000
15433200.0 0.479598 0.550000
15436800.0 0.360462 0.680000
15440400.0 0.214899 0.880000
15444000.0 0.069630 1.000000
15447600.0 0.000042 0.950000
15451200.0 0.000000 0.750000
15454800.0 0.000000 0.520000
15458400.0 0.000000 0.350000
15462000.0 0.000000 0.260000
15465600.0 0.000000 0.220000
15469200.0 0.000000 0.180000
15472800.0 0.000000 0.160000
15476400.0 0.000000 0.160000
15480000.0 0.000000 0.180000
15483600.0 0.000000 0.280000
15487200.0 0.000000 0.400000
15490800.0 0.028585 0.450000
15494400.0 0.162554 0.500000
15498000.0 0.316133 0.550000
15501600.0 0.448169 0.580000
15505200.0 0.543030 0.600000
15508800.0 0.594430 0.580000
15512400.0 0.600430 0.550000
15516000.0 0.561477 0.520000
15519600.0 0.479915 0.550000
15523200.0 0.360861 0.680000
15526800.0 0.215320 0.880000
15530400.0 0.069951 1.000000
15534000.0 0.000045 0.950000
15537600.0 0.000000 0.750000
15541200.0 0.000000 0.520000
15544800.0 0.000000 0.350000
15548400.0 0.000000 0.260000
15552000.0 0.000000 0.220000
15555600.0 0.000000 0.180000
15559200.0 0.000000 0.160000
15562800.0 0.000000 0.160000
15566400.0 0.000000 0.180000
15570000.0 0.000000 0.280000
15573600.0 0.000000 0.400000
15577200.0 0.028167 0.450000
15580800.0 0.161924 0.500000
15584400.0 0.315568 0.550000
15588000.0 0.447751 0.580000
15591600.0 0.542784 0.600000
15595200.0 0.594355 0.580000
15598800.0 0.600514 0.550000
15602400.0 0.561701 0.520000
15606000.0 0.480251 0.550000
15609600.0 0.361270 0.680000
15613200.0 0.215740 0.880000
15616800.0 0.070260 1.000000
15620400.0 0.000048 0.950000
15624000.0 0.000000 0.750000
15627600.0 0.000000 0.520000
15631200.0 0.000000 0.350000
15634800.0 0.000000 0.260000
15638400.0 0.000000 0.220000
15642000.0 0.000000 0.180000
15645600.0 0.000000 0.160000
15649200.0 0.000000 0.160000
15652800.0 0.000000 0.180000
15656400.0 0.000000 0.280000
15660000.0 0.000000 0.400000
15663600.0 0.027750 0.450000
15667200.0 0.161305 0.500000
15670800.0 0.315025 0.550000
15674400.0 0.447364 0.580000
15678000.0 0.542571 0.600000
15681600.0 0.594314 0.580000
15685200.0 0.600630 0.550000
15688800.0 0.561952 0.520000
15692400.0 0.480606 0.550000
15696000.0 0.361688 0.680000
15699600.0 0.216157 0.880000
15703200.0 0.070557 1.000000
15706800.0 0.000051 0.950000
15710400.0 0.000000 0.750000
15714000.0 0.000000 0.520000
15717600.0 0.000000 0.350000
15721200.0 0.000000 0.260000
15724800.0 0.000000 0.220000
15728400.0 0.000000 0.180000
15732000.0 0.000000 0.160000
15735600.0 0.000000 0.160000
15739200.0 0.000000 0.180000
15742800.0 0.000000 0.280000
15746400.0 0.000000 0.400000
15750000.0 0.026322 0.450000
15753600.0 0.154688 0.500000
15757200.0 0.302568 0.550000
15760800.0 0.430497 0.580000
15764400.0 0.523195 0.600000
15768000.0 0.574131 0.580000
15771600.0 0.580993 0.550000
15775200.0 0.543972 0.520000
15778800.0 0.465351 0.550000
15782400.0 0.350296 0.680000
15786000.0 0.209619 0.880000
15789600.0 0.068708 1.000000
15793200.0 0.000052 0.950000
15796800.0 0.000000 0.750000
15800400.0 0.000000 0.520000
15804000.0 0.000000 0.350000
15807600.0 0.000000 0.260000
15811200.0 0.000000 0.220000
15814800.0 0.000000 0.180000
15818400.0 0.000000 0.160000
15822000.0 0.000000 0.160000
15825600.0 0.000000 0.180000
15829200.0 0.000000 0.280000
15832800.0 0.000000 0.400000
15836400.0 0.025920 0.450000
15840000.0 0.154110 0.500000
15843600.0 0.302082 0.550000
15847200.0 0.430173 0.580000
15850800.0 0.523046 0.600000
15854400.0 0.574148 0.580000
15858000.0 0.581157 0.550000
15861600.0 0.544256 0.520000
15865200.0 0.465721 0.550000
15868800.0 0.350707 0.680000
15872400.0 0.210006 0.880000
15876000.0 0.068966 1.000000
15879600.0 0.000054 0.950000
15883200.0 0.000000 0.750000
15886800.0 0.000000 0.520000
15890400.0 0.000000 0.350000
15894000.0 0.000000 0.260000
15897600.0 0.000000 0.220000
15901200.0 0.000000 0.180000
15904800.0 0.000000 0.160000
15908400.0 0.000000 0.160000
15912000.0 0.000000 0.180000
15915600.0 0.000000 0.280000
15919200.0 0.000000 0.400000
15922800.0 0.025521 0.450000
15926400.0 0.153543 0.500000
15930000.0 0.301618 0.550000
15933600.0 0.429877 0.580000
15937200.0 0.522928 0.600000
15940800.0 0.574197 0.580000
15944400.0 0.581349 0.550000
15948000.0 0.544563 0.520000
15951600.0 0.466107 0.550000
15955200.0 0.351122 0.680000
15958800.0 0.210387 0.880000
15962400.0 0.069209 1.000000
15966000.0 0.000057 0.950000
15969600.0 0.000000 0.750000
15973200.0 0.000000 0.520000
15976800.0 0.000000 0.350000
15980400.0 0.000000 0.260000
15984000.0 0.000000 0.220000
15987600.0 0.000000 0.180000
15991200.0 0.000000 0.160000
15994800.0 0.000000 0.160000
15998400.0 0.000000 0.180000
16002000.0 0.000000 0.280000
16005600.0 0.000000 0.400000
16009200.0 0.025124 0.450000
16012800.0 0.152988 0.500000
16016400.0 0.301177 0.550000
16020000.0 0.429610 0.580000
16023600.0 0.522842 0.600000
16027200.0 0.574276 0.580000
16030800.0 0.581569 0.550000
16034400.0 0.544893 0.520000
16038000.0 0.466506 0.550000
16041600.0 0.351542 0.680000
16045200.0 0.210761 0.880000
16048800.0 0.069437 1.000000
16052400.0 0.000058 0.950000
16056000.0 0.000000 0.750000
16059600.0 0.000000 0.520000
16063200.0 0.000000 0.350000
16066800.0 0.000000 0.260000
16070400.0 0.000000 0.220000
16074000.0 0.000000 0.180000
16077600.0 0.000000 0.160000
16081200.0 0.000000 0.160000
16084800.0 0.000000 0.180000
16088400.0 0.000000 0.280000
16092000.0 0.000000 0.400000
16095600.0 0.024731 0.450000
16099200.0 0.152447 0.500000
16102800.0 0.300759 0.550000
16106400.0 0.429373 0.580000
16110000.0 0.522787 0.600000
16113600.0 0.574386 0.580000
16117200.0 0.581817 0.550000
16120800.0 0.545243 0.520000
16124400.0 0.466918 0.550000
16128000.0 0.351965 0.680000
16131600.0 0.211126 0.880000
16135200.0 0.069648 1.000000
16138800.0 0.000060 0.950000
16142400.0 0.000000 0.750000
16146000.0 0.000000 0.520000
16149600.0 0.000000 0.350000
16153200.0 0.000000 0.260000
16156800.0 0.000000 0.220000
16160400.0 0.000000 0.180000
16164000.0 0.000000 0.160000
16167600.0 0.000000 0.160000
16171200.0 0.000000 0.180000
16174800.0 0.000000 0.280000
16178400.0 0.000000 0.400000
16182000.0 0.024341 0.450000
16185600.0 0.151921 0.500000
16189200.0 0.300365 0.550000
16192800.0 0.429165 0.580000
16196400.0 0.522764 0.600000
16200000.0 0.574527 0.580000
16203600.0 0.582091 0.550000
16207200.0 0.545614 0.520000
16210800.0 0.467342 0.550000
16214400.0 0.352388 0.680000
16218000.0 0.211481 0.880000
16221600.0 0.069843 1.000000
16225200.0 0.000061 0.950000
16228800.0 0.000000 0.750000
16232400.0 0.000000 0.520000
16236000.0 0.000000 0.350000
16239600.0 0.000000 0.260000
16243200.0 0.000000 0.220000
16246800.0 0.000000 0.180000
16250400.0 0.000000 0.160000
16254000.0 0.000000 0.160000
16257600.0 0.000000 0.180000
16261200.0 0.000000 0.280000
16264800.0 0.000000 0.400000
16268400.0 0.023956 0.450000
16272000.0 0.151409 0.500000
16275600.0 0.299996 0.550000
16279200.0 0.428987 0.580000
16282800.0 0.522772 0.600000
16286400.0 0.574698 0.580000
16290000.0 0.582391 0.550000
16293600.0 0.546004 0.520000
16297200.0 0.467776 0.550000
16300800.0 0.352813 0.680000
16304400.0 0.211826 0.880000
16308000.0 0.070019 1.000000
16311600.0 0.000062 0.950000
16315200.0 0.000000 0.750000
16318800.0 0.000000 0.520000
16322400.0 0.000000 0.350000
16326000.0 0.000000 0.260000
16329600.0 0.000000 0.220000
16333200.0 0.000000 0.180000
16336800.0 0.000000 0.160000
16340400.0 0.000000 0.160000
16344000.0 0.000000 0.180000
16347600.0 0.000000 0.280000
16351200.0 0.000000 0.400000
16354800.0 0.023576 0.450000
16358400.0 0.150912 0.500000
16362000.0 0.299652 0.550000
16365600.0 0.428840 0.580000
16369200.0 0.522812 0.600000
16372800.0 0.574898 0.580000
16376400.0 0.582716 0.550000
16380000.0 0.546413 0.520000
16383600.0 0.468221 0.550000
16387200.0 0.353236 0.680000
16390800.0 0.212159 0.880000
16394400.0 0.070177 1.000000
16398000.0 0.000063 0.950000
16401600.0 0.000000 0.750000
16405200.0 0.000000 0.520000
16408800.0 0.000000 0.350000
16412400.0 0.000000 0.260000
16416000.0 0.000000 0.220000
16419600.0 0.000000 0.180000
16423200.0 0.000000 0.160000
16426800.0 0.000000 0.160000
16430400.0 0.000000 0.180000
16434000.0 0.000000 0.280000
16437600.0 0.000000 0.400000
16441200.0 0.023201 0.450000
16444800.0 0.150432 0.500000
16448400.0 0.299333 0.550000
16452000.0 0.428722 0.580000
16455600.0 0.522884 0.600000
16459200.0 0.575128 0.580000
16462800.0 0.583066 0.550000
16466400.0 0.546839 0.520000
16470000.0 0.468674 0.550000
16473600.0 0.353657 0.680000
16477200.0 0.212478 0.880000
16480800.0 0.070314 1.000000
16484400.0 0.000063 0.950000
16488000.0 0.000000 0.750000
16491600.0 0.000000 0.520000
16495200.0 0.000000 0.350000
16498800.0 0.000000 0.260000
16502400.0 0.000000 0.220000
16506000.0 0.000000 0.180000
16509600.0 0.000000 0.160000
16513200.0 0.000000 0.160000
16516800.0 0.000000 0.180000
16520400.0 0.000000 0.280000
16524000.0 0.000000 0.400000
16527600.0 0.022832 0.450000
16531200.0 0.149969 0.500000
16534800.0 0.299041 0.550000
16538400.0 0.428635 0.580000
16542000.0 0.522986 0.600000
16545600.0 0.575386 0.580000
16549200.0 0.583439 0.550000
16552800.0 0.547282 0.520000
16556400.0 0.469134 0.550000
16560000.0 0.354076 0.680000
16563600.0 0.212784 0.880000
16567200.0 0.070431 1.000000
16570800.0 0.000062 0.950000
16574400.0 0.000000 0.750000
16578000.0 0.000000 0.520000
16581600.0 0.000000 0.350000
16585200.0 0.000000 0.260000
16588800.0 0.000000 0.220000
16592400.0 0.000000 0.180000
16596000.0 0.000000 0.160000
16599600.0 0.000000 0.160000
16603200.0 0.000000 0.180000
16606800.0 0.000000 0.280000
16610400.0 0.000000 0.400000
16614000.0 0.022469 0.450000
16617600.0 0.149523 0.500000
16621200.0 0.298774 0.550000
16624800.0 0.428579 0.580000
16628400.0 0.523120 0.600000
16632000.0 0.575673 0.580000
16635600.0 0.583836 0.550000
16639200.0 0.547741 0.520000
16642800.0 0.469601 0.550000
16646400.0 0.354490 0.680000
16650000.0 0.213074 0.880000
16653600.0 0.070527 1.000000
16657200.0 0.000062 0.950000
16660800.0 0.000000 0.750000
16664400.0 0.000000 0.520000
16668000.0 0.000000 0.350000
16671600.0 0.000000 0.260000
16675200.0 0.000000 0.220000
16678800.0 0.000000 0.180000
16682400.0 0.000000 0.160000
16686000.0 0.000000 0.160000
16689600.0 0.000000 0.180000
16693200.0 0.000000 0.280000
16696800.0 0.000000 0.400000
16700400.0 0.022112 0.450000
16704000.0 0.149095 0.500000
16707600.0 0.298534 0.550000
16711200.0 0.428553 0.580000
16714800.0 0.523284 0.600000
16718400.0 0.575988 0.580000
16722000.0 0.584255 0.550000
16725600.0 0.548214 0.520000
16729200.0 0.470074 0.550000
16732800.0 0.354899 0.680000
16736400.0 0.213348 0.880000
16740000.0 0.070601 1.000000
16743600.0 0.000060 0.950000
16747200.0 0.000000 0.750000
16750800.0 0.000000 0.520000
16754400.0 0.000000 0.350000
16758000.0 0.000000 0.260000
16761600.0 0.000000 0.220000
16765200.0 0.000000 0.180000
16768800.0 0.000000 0.160000
16772400.0 0.000000 0.160000
16776000.0 0.000000 0.180000
16779600.0 0.000000 0.280000
16783200.0 0.000000 0.400000
16786800.0 0.021762 0.450000
16790400.0 0.148685 0.500000
16794000.0 0.298321 0.550000
16797600.0 0.428558 0.580000
16801200.0 0.523479 0.600000
16804800.0 0.576330 0.580000
16808400.0 0.584696 0.550000
16812000.0 0.548702 0.520000
16815600.0 0.470551 0.550000
16819200.0 0.355301 0.680000
16822800.0 0.213605 0.880000
16826400.0 0.070652 1.000000
16830000.0 0.000059 0.950000
16833600.0 0.000000 0.750000
16837200.0 0.000000 0.520000
16840800.0 0.000000 0.350000
16844400.0 0.000000 0.260000
16848000.0 0.000000 0.220000
16851600.0 0.000000 0.180000
16855200.0 0.000000 0.160000
16858800.0 0.000000 0.160000
16862400.0 0.000000 0.180000
16866000.0 0.000000 0.280000
16869600.0 0.000000 0.400000
16873200.0 0.021419 0.450000
16876800.0 0.148293 0.500000
16880400.0 0.298135 0.550000
16884000.0 0.428593 0.580000
16887600.0 0.523703 0.600000
16891200.0 0.576698 0.580000
16894800.0 0.585157 0.550000
16898400.0 0.549202 0.520000
16902000.0 0.471031 0.550000
16905600.0 0.355696 0.680000
16909200.0 0.213844 0.880000
16912800.0 0.070680 1.000000
16916400.0 0.000057 0.950000
16920000.0 0.000000 0.750000
16923600.0 0.000000 0.520000
16927200.0 0.000000 0.350000
16930800.0 0.000000 0.260000
16934400.0 0.000000 0.220000
16938000.0 0.000000 0.180000
16941600.0 0.000000 0.160000
16945200.0 0.000000 0.160000
16948800.0 0.000000 0.180000
16952400.0 0.000000 0.280000
16956000.0 0.000000 0.400000
16959600.0 0.021083 0.450000
16963200.0 0.147921 0.500000
16966800.0 0.297976 0.550000
16970400.0 0.428659 0.580000
16974000.0 0.523958 0.600000
16977600.0 0.577092 0.580000
16981200.0 0.585638 0.550000
16984800.0 0.549714 0.520000
16988400.0 0.471514 0.550000
16992000.0 0.356083 0.680000
16995600.0 0.214064 0.880000
16999200.0 0.070684 1.000000
17002800.0 0.000054 0.950000
17006400.0 0.000000 0.750000
17010000.0 0.000000 0.520000
17013600.0 0.000000 0.350000
17017200.0 0.000000 0.260000
17020800.0 0.000000 0.220000
17024400.0 0.000000 0.180000
17028000.0 0.000000 0.160000
17031600.0 0.000000 0.160000
17035200.0 0.000000 0.180000
17038800.0 0.000000 0.280000
17042400.0 0.000000 0.400000
17046000.0 0.020813 0.450000
17049600.0 0.147740 0.500000
17053200.0 0.298078 0.550000
17056800.0 0.429016 0.580000
17060400.0 0.524515 0.600000
17064000.0 0.577790 0.580000
17067600.0 0.586417 0.550000
17071200.0 0.550512 0.520000
17074800.0 0.472263 0.550000
17078400.0 0.356705 0.680000
17082000.0 0.214466 0.880000
17085600.0 0.070780 1.000000
17089200.0 0.000052 0.950000
17092800.0 0.000000 0.750000
17096400.0 0.000000 0.520000
17100000.0 0.000000 0.350000
17103600.0 0.000000 0.260000
17107200.0 0.000000 0.220000
17110800.0 0.000000 0.180000
17114400.0 0.000000 0.160000
17118000.0 0.000000 0.160000
17121600.0 0.000000 0.180000
17125200.0 0.000000 0.280000
17128800.0 0.000000 0.400000
17132400.0 0.020610 0.450000
17136000.0 0.147751 0.500000
17139600.0 0.298441 0.550000
17143200.0 0.429667 0.580000
17146800.0 0.525378 0.600000
17150400.0 0.578793 0.580000
17154000.0 0.587494 0.550000
17157600.0 0.551596 0.520000
17161200.0 0.473280 0.550000
17164800.0 0.357564 0.680000
17168400.0 0.215051 0.880000
17172000.0 0.070968 1.000000
17175600.0 0.000050 0.950000
17179200.0 0.000000 0.750000
17182800.0 0.000000 0.520000
17186400.0 0.000000 0.350000
17190000.0 0.000000 0.260000
17193600.0 0.000000 0.220000
17197200.0 0.000000 0.180000
17200800.0 0.000000 0.160000
17204400.0 0.000000 0.160000
17208000.0 0.000000 0.180000
17211600.0 0.000000 0.280000
17215200.0 0.000000 0.400000
17218800.0 0.020413 0.450000
17222400.0 0.147784 0.500000
17226000.0 0.298834 0.550000
17229600.0 0.430350 0.580000
17233200.0 0.526270 0.600000
17236800.0 0.579821 0.580000
17240400.0 0.588590 0.550000
17244000.0 0.552691 0.520000
17247600.0 0.474298 0.550000
17251200.0 0.358414 0.680000
17254800.0 0.215617 0.880000
17258400.0 0.071133 1.000000
17262000.0 0.000048 0.950000
17265600.0 0.000000 0.750000
17269200.0 0.000000 0.520000
17272800.0 0.000000 0.350000
17276400.0 0.000000 0.260000
17280000.0 0.000000 0.220000
17283600.0 0.000000 0.180000
17287200.0 0.000000 0.160000
17290800.0 0.000000 0.160000
17294400.0 0.000000 0.180000
17298000.0 0.000000 0.280000
17301600.0 0.000000 0.400000
17305200.0 0.020222 0.450000
17308800.0 0.147838 0.500000
17312400.0 0.299256 0.550000
17316000.0 0.431064 0.580000
17319600.0 0.527191 0.600000
17323200.0 0.580874 0.580000
17326800.0 0.589704 0.550000
17330400.0 0.553796 0.520000
17334000.0 0.475316 0.550000
17337600.0 0.359253 0.680000
17341200.0 0.216164 0.880000
17344800.0 0.071273 1.000000
17348400.0 0.000046 0.950000
17352000.0 0.000000 0.750000
17355600.0 0.000000 0.520000
17359200.0 0.000000 0.350000
17362800.0 0.000000 0.260000
17366400.0 0.000000 0.220000
17370000.0 0.000000 0.180000
17373600.0 0.000000 0.160000
17377200.0 0.000000 0.160000
17380800.0 0.000000 0.180000
17384400.0 0.000000 0.280000
17388000.0 0.000000 0.400000
17391600.0 0.020039 0.450000
17395200.0 0.147914 0.500000
17398800.0 0.299707 0.550000
17402400.0 0.431808 0.580000
17406000.0 0.528141 0.600000
17409600.0 0.581951 0.580000
17413200.0 0.590835 0.550000
17416800.0 0.554909 0.520000
17420400.0 0.476333 0.550000
17424000.0 0.360082 0.680000
17427600.0 0.216689 0.880000
17431200.0 0.071388 1.000000
17434800.0 0.000043 0.950000
17438400.0 0.000000 0.750000
17442000.0 0.000000 0.520000
17445600.0 0.000000 0.350000
17449200.0 0.000000 0.260000
17452800.0 0.000000 0.220000
17456400.0 0.000000 0.180000
17460000.0 0.000000 0.160000
17463600.0 0.000000 0.160000
17467200.0 0.000000 0.180000
17470800.0 0.000000 0.280000
17474400.0 0.000000 0.400000
17478000.0 0.019863 0.450000
17481600.0 0.148011 0.500000
17485200.0 0.300188 0.550000
17488800.0 0.432583 0.580000
17492400.0 0.529119 0.600000
17496000.0 0.583051 0.580000
17499600.0 0.591983 0.550000
17503200.0 0.556031 0.520000
17506800.0 0.477349 0.550000
17510400.0 0.360899 0.680000
17514000.0 0.217194 0.880000
17517600.0 0.071477 1.000000
17521200.0 0.000040 0.950000
17524800.0 0.000000 0.750000
17528400.0 0.000000 0.520000
17532000.0 0.000000 0.350000
17535600.0 0.000000 0.260000
17539200.0 0.000000 0.220000
17542800.0 0.000000 0.180000
17546400.0 0.000000 0.160000
17550000.0 0.000000 0.160000
17553600.0 0.000000 0.180000
17557200.0 0.000000 0.280000
17560800.0 0.000000 0.400000
17564400.0 0.019694 0.450000
17568000.0 0.148130 0.500000
17571600.0 0.300697 0.550000
17575200.0 0.433388 0.580000
17578800.0 0.530125 0.600000
17582400.0 0.584174 0.580000
17586000.0 0.593145 0.550000
17589600.0 0.557159 0.520000
17593200.0 0.478363 0.550000
17596800.0 0.361704 0.680000
17600400.0 0.217676 0.880000
17604000.0 0.071541 1.000000
17607600.0 0.000037 0.950000
17611200.0 0.000000 0.750000
17614800.0 0.000000 0.520000
17618400.0 0.000000 0.350000
17622000.0 0.000000 0.260000
17625600.0 0.000000 0.220000
17629200.0 0.000000 0.180000
17632800.0 0.000000 0.160000
17636400.0 0.000000 0.160000
17640000.0 0.000000 0.180000
17643600.0 0.000000 0.280000
17647200.0 0.000000 0.400000
17650800.0 0.019532 0.450000
17654400.0 0.148272 0.500000
17658000.0 0.301235 0.550000
17661600.0 0.434223 0.580000
17665200.0 0.531157 0.600000
17668800.0 0.585318 0.580000
17672400.0 0.594323 0.550000
17676000.0 0.558294 0.520000
17679600.0 0.479373 0.550000
17683200.0 0.362495 0.680000
17686800.0 0.218137 0.880000
17690400.0 0.071579 1.000000
17694000.0 0.000034 0.950000
17697600.0 0.000000 0.750000
17701200.0 0.000000 0.520000
17704800.0 0.000000 0.350000
17708400.0 0.000000 0.260000
17712000.0 0.000000 0.220000
17715600.0 0.000000 0.180000
17719200.0 0.000000 0.160000
17722800.0 0.000000 0.160000
17726400.0 0.000000 0.180000
17730000.0 0.000000 0.280000
17733600.0 0.000000 0.400000
17737200.0 0.019377 0.450000
17740800.0 0.148435 0.500000
17744400.0 0.301801 0.550000
17748000.0 0.435086 0.580000
17751600.0 0.532216 0.600000
17755200.0 0.586482 0.580000
17758800.0 0.595514 0.550000
17762400.0 0.559434 0.520000
17766000.0 0.480380 0.550000
17769600.0 0.363273 0.680000
17773200.0 0.218574 0.880000
17776800.0 0.071590 1.000000
17780400.0 0.000030 0.950000
17784000.0 0.000000 0.750000
17787600.0 0.000000 0.520000
17791200.0 0.000000 0.350000
17794800.0 0.000000 0.260000
17798400.0 0.000000 0.220000
17802000.0 0.000000 0.180000
17805600.0 0.000000 0.160000
17809200.0 0.000000 0.160000
17812800.0 0.000000 0.180000
17816400.0 0.000000 0.280000
17820000.0 0.000000 0.400000
17823600.0 0.019230 0.450000
17827200.0 0.148620 0.500000
17830800.0 0.302396 0.550000
17834400.0 0.435979 0.580000
17838000.0 0.533300 0.600000
17841600.0 0.587667 0.580000
17845200.0 0.596718 0.550000
17848800.0 0.560579 0.520000
17852400.0 0.481382 0.550000
17856000.0 0.364036 0.680000
17859600.0 0.218988 0.880000
17863200.0 0.071575 1.000000
17866800.0 0.000027 0.950000
17870400.0 0.000000 0.750000
17874000.0 0.000000 0.520000
17877600.0 0.000000 0.350000
17881200.0 0.000000 0.260000
17884800.0 0.000000 0.220000
17888400.0 0.000000 0.180000
17892000.0 0.000000 0.160000
17895600.0 0.000000 0.160000
17899200.0 0.000000 0.180000
17902800.0 0.000000 0.280000
17906400.0 0.000000 0.400000
17910000.0 0.019090 0.450000
17913600.0 0.148828 0.500000
17917200.0 0.303018 0.550000
17920800.0 0.436899 0.580000
17924400.0 0.534409 0.600000
17928000.0 0.588871 0.580000
17931600.0 0.597934 0.550000
17935200.0 0.561727 0.520000
17938800.0 0.482377 0.550000
17942400.0 0.364784 0.680000
17946000.0 0.219377 0.880000
17949600.0 0.071532 1.000000
17953200.0 0.000024 0.950000
17956800.0 0.000000 0.750000
17960400.0 0.000000 0.520000
17964000.0 0.000000 0.350000
17967600.0 0.000000 0.260000
17971200.0 0.000000 0.220000
17974800.0 0.000000 0.180000
17978400.0 0.000000 0.160000
17982000.0 0.000000 0.160000
17985600.0 0.000000 0.180000
17989200.0 0.000000 0.280000
17992800.0 0.000000 0.400000
17996400.0 0.018958 0.450000
18000000.0 0.149057 0.500000
18003600.0 0.303669 0.550000
18007200.0 0.437847 0.580000
18010800.0 0.535541 0.600000
18014400.0 0.590093 0.580000
18018000.0 0.599161 0.550000
18021600.0 0.562877 0.520000
18025200.0 0.483367 0.550000
18028800.0 0.365516 0.680000
18032400.0 0.219742 0.880000
18036000.0 0.071462 1.000000
18039600.0 0.000021 0.950000
18043200.0 0.000000 0.750000
18046800.0 0.000000 0.520000
18050400.0 0.000000 0.350000
18054000.0 0.000000 0.260000
18057600.0 0.000000 0.220000
18061200.0 0.000000 0.180000
18064800.0 0.000000 0.160000
18068400.0 0.000000 0.160000
18072000.0 0.000000 0.180000
18075600.0 0.000000 0.280000
18079200.0 0.000000 0.400000
18082800.0 0.018833 0.450000
18086400.0 0.149309 0.500000
18090000.0 0.304347 0.550000
18093600.0 0.438822 0.580000
18097200.0 0.536697 0.600000
18100800.0 0.591332 0.580000
18104400.0 0.600397 0.550000
18108000.0 0.564029 0.520000
18111600.0 0.484348 0.550000
18115200.0 0.366231 0.680000
18118800.0 0.220082 0.880000
18122400.0 0.071364 1.000000
18126000.0 0.000018 0.950000
18129600.0 0.000000 0.750000
18133200.0 0.000000 0.520000
18136800.0 0.000000 0.350000
18140400.0 0.000000 0.260000
18144000.0 0.000000 0.220000
18147600.0 0.000000 0.180000
18151200.0 0.000000 0.160000
18154800.0 0.000000 0.160000
18158400.0 0.000000 0.180000
18162000.0 0.000000 0.280000
18165600.0 0.000000 0.400000
18169200.0 0.018716 0.450000
18172800.0 0.149583 0.500000
18176400.0 0.305052 0.550000
18180000.0 0.439823 0.580000
18183600.0 0.537876 0.600000
18187200.0 0.592588 0.580000
18190800.0 0.601643 0.550000
18194400.0 0.565182 0.520000
18198000.0 0.485321 0.550000
18201600.0 0.366929 0.680000
18205200.0 0.220396 0.880000
18208800.0 0.071238 1.000000
18212400.0 0.000015 0.950000
18216000.0 0.000000 0.750000
18219600.0 0.000000 0.520000
18223200.0 0.000000 0.350000
18226800.0 0.000000 0.260000
18230400.0 0.000000 0.220000
18234000.0 0.000000 0.180000
18237600.0 0.000000 0.160000
18241200.0 0.000000 0.160000
18244800.0 0.000000 0.180000
18248400.0 0.000000 0.280000
18252000.0 0.000000 0.400000
18255600.0 0.018607 0.450000
18259200.0 0.149880 0.500000
18262800.0 0.305784 0.550000
18266400.0 0.440851 0.580000
18270000.0 0.539076 0.600000
18273600.0 0.593859 0.580000
18277200.0 0.602896 0.550000
18280800.0 0.566334 0.520000
18284400.0 0.486285 0.550000
18288000.0 0.367607 0.680000
18291600.0 0.220683 0.880000
18295200.0 0.071083 1.000000
18298800.0 0.000012 0.950000
18302400.0 0.000000 0.750000
18306000.0 0.000000 0.520000
18309600.0 0.000000 0.350000
18313200.0 0.000000 0.260000
18316800.0 0.000000 0.220000
18320400.0 0.000000 0.180000
18324000.0 0.000000 0.160000
18327600.0 0.000000 0.160000
18331200.0 0.000000 0.180000
18334800.0 0.000000 0.280000
18338400.0 0.000000 0.400000
18342000.0 0.018506 0.450000
18345600.0 0.150199 0.500000
18349200.0 0.306543 0.550000
18352800.0 0.441904 0.580000
18356400.0 0.540297 0.600000
18360000.0 0.595145 0.580000
18363600.0 0.604157 0.550000
18367200.0 0.567484 0.520000
18370800.0 0.487238 0.550000
18374400.0 0.368266 0.680000
18378000.0 0.220942 0.880000
18381600.0 0.070899 1.000000
18385200.0 0.000010 0.950000
18388800.0 0.000000 0.750000
18392400.0 0.000000 0.520000
18396000.0 0.000000 0.350000
18399600.0 0.000000 0.260000
18403200.0 0.000000 0.220000
18406800.0 0.000000 0.180000
18410400.0 0.000000 0.160000
18414000.0 0.000000 0.160000
18417600.0 0.000000 0.180000
18421200.0 0.000000 0.280000
18424800.0 0.000000 0.400000
18428400.0 0.017924 0.450000
18432000.0 0.146561 0.500000
18435600.0 0.299139 0.550000
18439200.0 0.431374 0.580000
18442800.0 0.527692 0.600000
18446400.0 0.581532 0.580000
18450000.0 0.590505 0.550000
18453600.0 0.554680 0.520000
18457200.0 0.476147 0.550000
18460800.0 0.359744 0.680000
18464400.0 0.215698 0.880000
18468000.0 0.068988 1.000000
18471600.0 0.000008 0.950000
18475200.0 0.000000 0.750000
18478800.0 0.000000 0.520000
18482400.0 0.000000 0.350000
18486000.0 0.000000 0.260000
18489600.0 0.000000 0.220000
18493200.0 0.000000 0.180000
18496800.0 0.000000 0.160000
18500400.0 0.000000 0.160000
18504000.0 0.000000 0.180000
18507600.0 0.000000 0.280000
18511200.0 0.000000 0.400000
18514800.0 0.017841 0.450000
18518400.0 0.146908 0.500000
18522000.0 0.299919 0.550000
18525600.0 0.432436 0.580000
18529200.0 0.528909 0.600000
18532800.0 0.582800 0.580000
18536400.0 0.591734 0.550000
18540000.0 0.555785 0.520000
18543600.0 0.477041 0.550000
18547200.0 0.360334 0.680000
18550800.0 0.215886 0.880000
18554400.0 0.068748 1.000000
18558000.0 0.000006 0.950000
18561600.0 0.000000 0.750000
18565200.0 0.000000 0.520000
18568800.0 0.000000 0.350000
18572400.0 0.000000 0.260000
18576000.0 0.000000 0.220000
18579600.0 0.000000 0.180000
18583200.0 0.000000 0.160000
18586800.0 0.000000 0.160000
18590400.0 0.000000 0.180000
18594000.0 0.000000 0.280000
18597600.0 0.000000 0.400000
18601200.0 0.017766 0.450000
18604800.0 0.147278 0.500000
18608400.0 0.300724 0.550000
18612000.0 0.433520 0.580000
18615600.0 0.530144 0.600000
18619200.0 0.584080 0.580000
18622800.0 0.592966 0.550000
18626400.0 0.556885 0.520000
18630000.0 0.477922 0.550000
18633600.0 0.360902 0.680000
18637200.0 0.216044 0.880000
18640800.0 0.068477 1.000000
18644400.0 0.000004 0.950000
18648000.0 0.000000 0.750000
18651600.0 0.000000 0.520000
18655200.0 0.000000 0.350000
18658800.0 0.000000 0.260000
18662400.0 0.000000 0.220000
18666000.0 0.000000 0.180000
18669600.0 0.000000 0.160000
18673200.0 0.000000 0.160000
18676800.0 0.000000 0.180000
18680400.0 0.000000 0.280000
18684000.0 0.000000 0.400000
18687600.0 0.017699 0.450000
18691200.0 0.147670 0.500000
18694800.0 0.301554 0.550000
18698400.0 0.434627 0.580000
18702000.0 0.531396 0.600000
18705600.0 0.585369 0.580000
18709200.0 0.594201 0.550000
18712800.0 0.557979 0.520000
18716400.0 0.478788 0.550000
18720000.0 0.361448 0.680000
18723600.0 0.216173 0.880000
18727200.0 0.068178 1.000000
18730800.0 0.000003 0.950000
18734400.0 0.000000 0.750000
18738000.0 0.000000 0.520000
18741600.0 0.000000 0.350000
18745200.0 0.000000 0.260000
18748800.0 0.000000 0.220000
18752400.0 0.000000 0.180000
18756000.0 0.000000 0.160000
18759600.0 0.000000 0.160000
18763200.0 0.000000 0.180000
18766800.0 0.000000 0.280000
18770400.0 0.000000 0.400000
18774000.0 0.017641 0.450000
18777600.0 0.148085 0.500000
18781200.0 0.302409 0.550000
18784800.0 0.435756 0.580000
18788400.0 0.532664 0.600000
18792000.0 0.586668 0.580000
18795600.0 0.595437 0.550000
18799200.0 0.559066 0.520000
18802800.0 0.479638 0.550000
18806400.0 0.361969 0.680000
18810000.0 0.216272 0.880000
18813600.0 0.067848 1.000000
18817200.0 0.000002 0.950000
18820800.0 0.000000 0.750000
18824400.0 0.000000 0.520000
18828000.0 0.000000 0.350000
18831600.0 0.000000 0.260000
18835200.0 0.000000 0.220000
18838800.0 0.000000 0.180000
18842400.0 0.000000 0.160000
18846000.0 0.000000 0.160000
18849600.0 0.000000 0.180000
18853200.0 0.000000 0.280000
18856800.0 0.000000 0.400000
18860400.0 0.017592 0.450000
18864000.0 0.148523 0.500000
18867600.0 0.303288 0.550000
18871200.0 0.436906 0.580000
18874800.0 0.533948 0.600000
18878400.0 0.587975 0.580000
18882000.0 0.596672 0.550000
18885600.0 0.560144 0.520000
18889200.0 0.480472 0.550000
18892800.0 0.362466 0.680000
18896400.0 0.216339 0.880000
18900000.0 0.067488 1.000000
18903600.0 0.000001 0.950000
18907200.0 0.000000 0.750000
18910800.0 0.000000 0.520000
18914400.0 0.000000 0.350000
18918000.0 0.000000 0.260000
18921600.0 0.000000 0.220000
18925200.0 0.000000 0.180000
18928800.0 0.000000 0.160000
18932400.0 0.000000 0.160000
18936000.0 0.000000 0.180000
18939600.0 0.000000 0.280000
18943200.0 0.000000 0.400000
18946800.0 0.017551 0.450000
18950400.0 0.148983 0.500000
18954000.0 0.304192 0.550000
18957600.0 0.438077 0.580000
18961200.0 0.535246 0.600000
18964800.0 0.589288 0.580000
18968400.0 0.597907 0.550000
18972000.0 0.561213 0.520000
18975600.0 0.481288 0.550000
18979200.0 0.362938 0.680000
18982800.0 0.216375 0.880000
18986400.0 0.067097 1.000000
18990000.0 0.000001 0.950000
18993600.0 0.000000 0.750000
18997200.0 0.000000 0.520000
19000800.0 0.000000 0.350000
19004400.0 0.000000 0.260000
19008000.0 0.000000 0.220000
19011600.0 0.000000 0.180000
19015200.0 0.000000 0.160000
19018800.0 0.000000 0.160000
19022400.0 0.000000 0.180000
19026000.0 0.000000 0.280000
19029600.0 0.000000 0.400000
19033200.0 0.017519 0.450000
19036800.0 0.149465 0.500000
19040400.0 0.305119 0.550000
19044000.0 0.439267 0.580000
19047600.0 0.536557 0.600000
19051200.0 0.590608 0.580000
19054800.0 0.599140 0.550000
19058400.0 0.562272 0.520000
19062000.0 0.482085 0.550000
19065600.0 0.363383 0.680000
19069200.0 0.216379 0.880000
19072800.0 0.066676 1.000000
19076400.0 0.000000 0.950000
19080000.0 0.000000 0.750000
19083600.0 0.000000 0.520000
19087200.0 0.000000 0.350000
19090800.0 0.000000 0.260000
19094400.0 0.000000 0.220000
19098000.0 0.000000 0.180000
19101600.0 0.000000 0.160000
19105200.0 0.000000 0.160000
19108800.0 0.000000 0.180000
19112400.0 0.000000 0.280000
19116000.0 0.000000 0.400000
19119600.0 0.017497 0.450000
19123200.0 0.149970 0.500000
19126800.0 0.306069 0.550000
19130400.0 0.440476 0.580000
19134000.0 0.537881 0.600000
19137600.0 0.591933 0.580000
19141200.0 0.600370 0.550000
19144800.0 0.563319 0.520000
19148400.0 0.482864 0.550000
19152000.0 0.363802 0.680000
19155600.0 0.216350 0.880000
19159200.0 0.066225 1.000000
19162800.0 0.000000 0.950000
19166400.0 0.000000 0.750000
19170000.0 0.000000 0.520000
19173600.0 0.000000 0.350000
19177200.0 0.000000 0.260000
19180800.0 0.000000 0.220000
19184400.0 0.000000 0.180000
19188000.0 0.000000 0.160000
19191600.0 0.000000 0.160000
19195200.0 0.000000 0.180000
19198800.0 0.000000 0.280000
19202400.0 0.000000 0.400000
19206000.0 0.017483 0.450000
19209600.0 0.150497 0.500000
19213200.0 0.307042 0.550000
19216800.0 0.441704 0.580000
19220400.0 0.539217 0.600000
19224000.0 0.593262 0.580000
19227600.0 0.601596 0.550000
19231200.0 0.564354 0.520000
19234800.0 0.483622 0.550000
19238400.0 0.364193 0.680000
19242000.0 0.216288 0.880000
19245600.0 0.065743 1.000000
19249200.0 0.000000 0.950000
19252800.0 0.000000 0.750000
19256400.0 0.000000 0.520000
19260000.0 0.000000 0.350000
19263600.0 0.000000 0.260000
19267200.0 0.000000 0.220000
19270800.0 0.000000 0.180000
19274400.0 0.000000 0.160000
19278000.0 0.000000 0.160000
19281600.0 0.000000 0.180000
19285200.0 0.000000 0.280000
19288800.0 0.000000 0.400000
19292400.0 0.017478 0.450000
19296000.0 0.151046 0.500000
19299600.0 0.308038 0.550000
19303200.0 0.442949 0.580000
19306800.0 0.540563 0.600000
19310400.0 0.594594 0.580000
19314000.0 0.602816 0.550000
19317600.0 0.565376 0.520000
19321200.0 0.484359 0.550000
19324800.0 0.364556 0.680000
19328400.0 0.216193 0.880000
19332000.0 0.065231 1.000000
19335600.0 0.000000 0.950000
19339200.0 0.000000 0.750000
19342800.0 0.000000 0.520000
19346400.0 0.000000 0.350000
19350000.0 0.000000 0.260000
19353600.0 0.000000 0.220000
19357200.0 0.000000 0.180000
19360800.0 0.000000 0.160000
19364400.0 0.000000 0.160000
19368000.0 0.000000 0.180000
19371600.0 0.000000 0.280000
19375200.0 0.000000 0.400000
19378800.0 0.017482 0.450000
19382400.0 0.151617 0.500000
19386000.0 0.309055 0.550000
19389600.0 0.444210 0.580000
19393200.0 0.541918 0.600000
19396800.0 0.595927 0.580000
19400400.0 0.604031 0.550000
19404000.0 0.566384 0.520000
19407600.0 0.485074 0.550000
19411200.0 0.364891 0.680000
19414800.0 0.216065 0.880000
19418400.0 0.064688 1.000000
19422000.0 0.000000 0.950000
19425600.0 0.000000 0.750000
19429200.0 0.000000 0.520000
19432800.0 0.000000 0.350000
19436400.0 0.000000 0.260000
19440000.0 0.000000 0.220000
19443600.0 0.000000 0.180000
19447200.0 0.000000 0.160000
19450800.0 0.000000 0.160000
19454400.0 0.000000 0.180000
19458000.0 0.000000 0.280000
19461600.0 0.000000 0.400000
19465200.0 0.017495 0.450000
19468800.0 0.152209 0.500000
19472400.0 0.310092 0.550000
19476000.0 0.445487 0.580000
19479600.0 0.543282 0.600000
19483200.0 0.597261 0.580000
19486800.0 0.605238 0.550000
19490400.0 0.567377 0.520000
19494000.0 0.485767 0.550000
19497600.0 0.365197 0.680000
19501200.0 0.215902 0.880000
19504800.0 0.064116 1.000000
19508400.0 0.000000 0.950000
19512000.0 0.000000 0.750000
19515600.0 0.000000 0.520000
19519200.0 0.000000 0.350000
19522800.0 0.000000 0.260000
19526400.0 0.000000 0.220000
19530000.0 0.000000 0.180000
19533600.0 0.000000 0.160000
19537200.0 0.000000 0.160000
19540800.0 0.000000 0.180000
19544400.0 0.000000 0.280000
19548000.0 0.000000 0.400000
19551600.0 0.017518 0.450000
19555200.0 0.152823 0.500000
19558800.0 0.311150 0.550000
19562400.0 0.446779 0.580000
19566000.0 0.544654 0.600000
19569600.0 0.598595 0.580000
19573200.0 0.606437 0.550000
19576800.0 0.568354 0.520000
19580400.0 0.486437 0.550000
19584000.0 0.365473 0.680000
19587600.0 0.215706 0.880000
19591200.0 0.063513 1.000000
19594800.0 0.000000 0.950000
19598400.0 0.000000 0.750000
19602000.0 0.000000 0.520000
19605600.0 0.000000 0.350000
19609200.0 0.000000 0.260000
19612800.0 0.000000 0.220000
19616400.0 0.000000 0.180000
19620000.0 0.000000 0.160000
19623600.0 0.000000 0.160000
19627200.0 0.000000 0.180000
19630800.0 0.000000 0.280000
19634400.0 0.000000 0.400000
19638000.0 0.017549 0.450000
19641600.0 0.153458 0.500000
19645200.0 0.312227 0.550000
19648800.0 0.448084 0.580000
19652400.0 0.546032 0.600000
19656000.0 0.599927 0.580000
19659600.0 0.607627 0.550000
19663200.0 0.569314 0.520000
19666800.0 0.487083 0.550000
19670400.0 0.365719 0.680000
19674000.0 0.215476 0.880000
19677600.0 0.062881 1.000000
19681200.0 0.000000 0.950000
19684800.0 0.000000 0.750000
19688400.0 0.000000 0.520000
19692000.0 0.000000 0.350000
19695600.0 0.000000 0.260000
19699200.0 0.000000 0.220000
19702800.0 0.000000 0.180000
19706400.0 0.000000 0.160000
19710000.0 0.000000 0.160000
19713600.0 0.000000 0.180000
19717200.0 0.000000 0.280000
19720800.0 0.000000 0.400000
19724400.0 0.017526 0.450000
19728000.0 0.153904 0.500000
19731600.0 0.313050 0.550000
19735200.0 0.449102 0.580000
19738800.0 0.547106 0.600000
19742400.0 0.600945 0.580000
19746000.0 0.608495 0.550000
19749600.0 0.569948 0.520000
19753200.0 0.487404 0.550000
19756800.0 0.365654 0.680000
19760400.0 0.214975 0.880000
19764000.0 0.062087 1.000000
19767600.0 0.000000 0.950000
19771200.0 0.000000 0.750000
19774800.0 0.000000 0.520000
19778400.0 0.000000 0.350000
19782000.0 0.000000 0.260000
19785600.0 0.000000 0.220000
19789200.0 0.000000 0.180000
19792800.0 0.000000 0.160000
19796400.0 0.000000 0.160000
19800000.0 0.000000 0.180000
19803600.0 0.000000 0.280000
19807200.0 0.000000 0.400000
19810800.0 0.017447 0.450000
19814400.0 0.154158 0.500000
19818000.0 0.313615 0.550000
19821600.0 0.449831 0.580000
19825200.0 0.547873 0.600000
19828800.0 0.601645 0.580000
19832400.0 0.609038 0.550000
19836000.0 0.570253 0.520000
19839600.0 0.487398 0.550000
19843200.0 0.365274 0.680000
19846800.0 0.214201 0.880000
19850400.0 0.061134 1.000000
19854000.0 0.000000 0.950000
19857600.0 0.000000 0.750000
19861200.0 0.000000 0.520000
19864800.0 0.000000 0.350000
19868400.0 0.000000 0.260000
19872000.0 0.000000 0.220000
19875600.0 0.000000 0.180000
19879200.0 0.000000 0.160000
19882800.0 0.000000 0.160000
19886400.0 0.000000 0.180000
19890000.0 0.000000 0.280000
19893600.0 0.000000 0.400000
19897200.0 0.017375 0.450000
19900800.0 0.154426 0.500000
19904400.0 0.314191 0.550000
19908000.0 0.450565 0.580000
19911600.0 0.548639 0.600000
19915200.0 0.602338 0.580000
19918800.0 0.609566 0.550000
19922400.0 0.570536 0.520000
19926000.0 0.487362 0.550000
19929600.0 0.364860 0.680000
19933200.0 0.213390 0.880000
19936800.0 0.060153 1.000000
19940400.0 0.000000 0.950000
19944000.0 0.000000 0.750000
19947600.0 0.000000 0.520000
19951200.0 0.000000 0.350000
19954800.0 0.000000 0.260000
19958400.0 0.000000 0.220000
19962000.0 0.000000 0.180000
19965600.0 0.000000 0.160000
19969200.0 0.000000 0.160000
19972800.0 0.000000 0.180000
19976400.0 0.000000 0.280000
19980000.0 0.000000 0.400000
19983600.0 0.017311 0.450000
19987200.0 0.154707 0.500000
19990800.0 0.314778 0.550000
19994400.0 0.451305 0.580000
19998000.0 0.549403 0.600000
20001600.0 0.603021 0.580000
20005200.0 0.610077 0.550000
20008800.0 0.570796 0.520000
20012400.0 0.487298 0.550000
20016000.0 0.364412 0.680000
20019600.0 0.212542 0.880000
20023200.0 0.059147 1.000000
20026800.0 0.000000 0.950000
20030400.0 0.000000 0.750000
20034000.0 0.000000 0.520000
20037600.0 0.000000 0.350000
20041200.0 0.000000 0.260000
20044800.0 0.000000 0.220000
20048400.0 0.000000 0.180000
20052000.0 0.000000 0.160000
20055600.0 0.000000 0.160000
20059200.0 0.000000 0.180000
20062800.0 0.000000 0.280000
20066400.0 0.000000 0.400000
20070000.0 0.017253 0.450000
20073600.0 0.155001 0.500000
20077200.0 0.315376 0.550000
20080800.0 0.452049 0.580000
20084400.0 0.550165 0.600000
20088000.0 0.603694 0.580000
20091600.0 0.610572 0.550000
20095200.0 0.571032 0.520000
20098800.0 0.487204 0.550000
20102400.0 0.363929 0.680000
20106000.0 0.211658 0.880000
20109600.0 0.058114 1.000000
20113200.0 0.000000 0.950000
20116800.0 0.000000 0.750000
20120400.0 0.000000 0.520000
20124000.0 0.000000 0.350000
20127600.0 0.000000 0.260000
20131200.0 0.000000 0.220000
20134800.0 0.000000 0.180000
20138400.0 0.000000 0.160000
20142000.0 0.000000 0.160000
20145600.0 0.000000 0.180000
20149200.0 0.000000 0.280000
20152800.0 0.000000 0.400000
20156400.0 0.017202 0.450000
20160000.0 0.155307 0.500000
20163600.0 0.315982 0.550000
20167200.0 0.452796 0.580000
20170800.0 0.550922 0.600000
20174400.0 0.604356 0.580000
20178000.0 0.611048 0.550000
20181600.0 0.571243 0.520000
20185200.0 0.487079 0.550000
20188800.0 0.363412 0.680000
20192400.0 0.210738 0.880000
20196000.0 0.057058 1.000000
20199600.0 0.000000 0.950000
20203200.0 0.000000 0.750000
20206800.0 0.000000 0.520000
20210400.0 0.000000 0.350000
20214000.0 0.000000 0.260000
20217600.0 0.000000 0.220000
20221200.0 0.000000 0.180000
20224800.0 0.000000 0.160000
20228400.0 0.000000 0.160000
20232000.0 0.000000 0.180000
20235600.0 0.000000 0.280000
20239200.0 0.000000 0.400000
20242800.0 0.017158 0.450000
20246400.0 0.155623 0.500000
20250000.0 0.316595 0.550000
20253600.0 0.453544 0.580000
20257200.0 0.551674 0.600000
20260800.0 0.605005 0.580000
20264400.0 0.611506 0.550000
20268000.0 0.571430 0.520000
20271600.0 0.486925 0.550000
20275200.0 0.362860 0.680000
20278800.0 0.209782 0.880000
20282400.0 0.055978 1.000000
20286000.0 0.000000 0.950000
20289600.0 0.000000 0.750000
20293200.0 0.000000 0.520000
20296800.0 0.000000 0.350000
20300400.0 0.000000 0.260000
20304000.0 0.000000 0.220000
20307600.0 0.000000 0.180000
20311200.0 0.000000 0.160000
20314800.0 0.000000 0.160000
20318400.0 0.000000 0.180000
20322000.0 0.000000 0.280000
20325600.0 0.000000 0.400000
20329200.0 0.017119 0.450000
20332800.0 0.155950 0.500000
20336400.0 0.317214 0.550000
20340000.0 0.454292 0.580000
20343600.0 0.552419 0.600000
20347200.0 0.605641 0.580000
20350800.0 0.611943 0.550000
20354400.0 0.571590 0.520000
20358000.0 0.486739 0.550000
20361600.0 0.362274 0.680000
20365200.0 0.208790 0.880000
20368800.0 0.054875 1.000000
20372400.0 0.000000 0.950000
20376000.0 0.000000 0.750000
20379600.0 0.000000 0.520000
20383200.0 0.000000 0.350000
20386800.0 0.000000 0.260000
20390400.0 0.000000 0.220000
20394000.0 0.000000 0.180000
20397600.0 0.000000 0.160000
20401200.0 0.000000 0.160000
20404800.0 0.000000 0.180000
20408400.0 0.000000 0.280000
20412000.0 0.000000 0.400000
20415600.0 0.017085 0.450000
20419200.0 0.156285 0.500000
20422800.0 0.317839 0.550000
20426400.0 0.455039 0.580000
20430000.0 0.553156 0.600000
20433600.0 0.606262 0.580000
20437200.0 0.612360 0.550000
20440800.0 0.571724 0.520000
20444400.0 0.486522 0.550000
20448000.0 0.361653 0.680000
20451600.0 0.207763 0.880000
20455200.0 0.053751 1.000000
20458800.0 0.000000 0.950000
20462400.0 0.000000 0.750000
20466000.0 0.000000 0.520000
20469600.0 0.000000 0.350000
20473200.0 0.000000 0.260000
20476800.0 0.000000 0.220000
20480400.0 0.000000 0.180000
20484000.0 0.000000 0.160000
20487600.0 0.000000 0.160000
20491200.0 0.000000 0.180000
20494800.0 0.000000 0.280000
20498400.0 0.000000 0.400000
20502000.0 0.017057 0.450000
20505600.0 0.156627 0.500000
20509200.0 0.318467 0.550000
20512800.0 0.455783 0.580000
20516400.0 0.553884 0.600000
20520000.0 0.606868 0.580000
20523600.0 0.612754 0.550000
20527200.0 0.571831 0.520000
20530800.0 0.486274 0.550000
20534400.0 0.360997 0.680000
20538000.0 0.206701 0.880000
20541600.0 0.052607 1.000000
20545200.0 0.000000 0.950000
20548800.0 0.000000 0.750000
20552400.0 0.000000 0.520000
20556000.0 0.000000 0.350000
20559600.0 0.000000 0.260000
20563200.0 0.000000 0.220000
20566800.0 0.000000 0.180000
20570400.0 0.000000 0.160000
20574000.0 0.000000 0.160000
20577600.0 0.000000 0.180000
20581200.0 0.000000 0.280000
20584800.0 0.000000 0.400000
20588400.0 0.017034 0.450000
20592000.0 0.156977 0.500000
20595600.0 0.319098 0.550000
20599200.0 0.456524 0.580000
20602800.0 0.554601 0.600000
20606400.0 0.607456 0.580000
20610000.0 0.613126 0.550000
20613600.0 0.571910 0.520000
20617200.0 0.485993 0.550000
20620800.0 0.360307 0.680000
20624400.0 0.205605 0.880000
20628000.0 0.051444 1.000000
20631600.0 0.000000 0.950000
20635200.0 0.000000 0.750000
20638800.0 0.000000 0.520000
20642400.0 0.000000 0.350000
20646000.0 0.000000 0.260000
20649600.0 0.000000 0.220000
20653200.0 0.000000 0.180000
20656800.0 0.000000 0.160000
20660400.0 0.000000 0.160000
20664000.0 0.000000 0.180000
20667600.0 0.000000 0.280000
20671200.0 0.000000 0.400000
20674800.0 0.017016 0.450000
20678400.0 0.157333 0.500000
20682000.0 0.319730 0.550000
20685600.0 0.457260 0.580000
20689200.0 0.555308 0.600000
20692800.0 0.608027 0.580000
20696400.0 0.613475 0.550000
20700000.0 0.571961 0.520000
20703600.0 0.485680 0.550000
20707200.0 0.359582 0.680000
20710800.0 0.204474 0.880000
20714400.0 0.050263 1.000000
20718000.0 0.000000 0.950000
20721600.0 0.000000 0.750000
20725200.0 0.000000 0.520000
20728800.0 0.000000 0.350000
20732400.0 0.000000 0.260000
20736000.0 0.000000 0.220000
20739600.0 0.000000 0.180000
20743200.0 0.000000 0.160000
20746800.0 0.000000 0.160000
20750400.0 0.000000 0.180000
20754000.0 0.000000 0.280000
20757600.0 0.000000 0.400000
20761200.0 0.017001 0.450000
20764800.0 0.157695 0.500000
20768400.0 0.320363 0.550000
20772000.0 0.457990 0.580000
20775600.0 0.556001 0.600000
20779200.0 0.608579 0.580000
20782800.0 0.613799 0.550000
20786400.0 0.571982 0.520000
20790000.0 0.485335 0.550000
20793600.0 0.358822 0.680000
20797200.0 0.203309 0.880000
20800800.0 0.049065 1.000000
20804400.0 0.000000 0.950000
20808000.0 0.000000 0.750000
20811600.0 0.000000 0.520000
20815200.0 0.000000 0.350000
20818800.0 0.000000 0.260000
20822400.0 0.000000 0.220000
20826000.0 0.000000 0.180000
20829600.0 0.000000 0.160000
20833200.0 0.000000 0.160000
20836800.0 0.000000 0.180000
20840400.0 0.000000 0.280000
20844000.0 0.000000 0.400000
20847600.0 0.016991 0.450000
20851200.0 0.158061 0.500000
20854800.0 0.320996 0.550000
20858400.0 0.458713 0.580000
20862000.0 0.556681 0.600000
20865600.0 0.609111 0.580000
20869200.0 0.614098 0.550000
20872800.0 0.571974 0.520000
20876400.0 0.484957 0.550000
20880000.0 0.358027 0.680000
20883600.0 0.202111 0.880000
20887200.0 0.047851 1.000000
20890800.0 0.000000 0.950000
20894400.0 0.000000 0.750000
20898000.0 0.000000 0.520000
20901600.0 0.000000 0.350000
20905200.0 0.000000 0.260000
20908800.0 0.000000 0.220000
20912400.0 0.000000 0.180000
20916000.0 0.000000 0.160000
20919600.0 0.000000 0.160000
20923200.0 0.000000 0.180000
20926800.0 0.000000 0.280000
20930400.0 0.000000 0.400000
20934000.0 0.016985 0.450000
20937600.0 0.158431 0.500000
20941200.0 0.321626 0.550000
20944800.0 0.459427 0.580000
20948400.0 0.557345 0.600000
20952000.0 0.609622 0.580000
20955600.0 0.614371 0.550000
20959200.0 0.571936 0.520000
20962800.0 0.484545 0.550000
20966400.0 0.357198 0.680000
20970000.0 0.200879 0.880000
20973600.0 0.046623 1.000000
20977200.0 0.000000 0.950000
20980800.0 0.000000 0.750000
20984400.0 0.000000 0.520000
20988000.0 0.000000 0.350000
20991600.0 0.000000 0.260000
20995200.0 0.000000 0.220000
20998800.0 0.000000 0.180000
21002400.0 0.000000 0.160000
21006000.0 0.000000 0.160000
21009600.0 0.000000 0.180000
21013200.0 0.000000 0.280000
21016800.0 0.000000 0.400000
21020400.0 0.016982 0.450000
21024000.0 0.158803 0.500000
21027600.0 0.322254 0.550000
21031200.0 0.460132 0.580000
21034800.0 0.557994 0.600000
21038400.0 0.610112 0.580000
21042000.0 0.614617 0.550000
21045600.0 0.571867 0.520000
21049200.0 0.484099 0.550000
21052800.0 0.356333 0.680000
21056400.0 0.199614 0.880000
21060000.0 0.045381 1.000000
21063600.0 0.000000 0.950000
21067200.0 0.000000 0.750000
21070800.0 0.000000 0.520000
21074400.0 0.000000 0.350000
21078000.0 0.000000 0.260000
21081600.0 0.000000 0.220000
21085200.0 0.000000 0.180000
21088800.0 0.000000 0.160000
21092400.0 0.000000 0.160000
21096000.0 0.000000 0.180000
21099600.0 0.000000 0.280000
21103200.0 0.000000 0.400000
21106800.0 0.017940 0.450000
21110400.0 0.168115 0.500000
21114000.0 0.340838 0.550000
21117600.0 0.485971 0.580000
21121200.0 0.588506 0.600000
21124800.0 0.642744 0.580000
21128400.0 0.646984 0.550000
21132000.0 0.601705 0.520000
21135600.0 0.509176 0.550000
21139200.0 0.374464 0.680000
21142800.0 0.209033 0.880000
21146400.0 0.046505 1.000000
21150000.0 0.000000 0.950000
21153600.0 0.000000 0.750000
21157200.0 0.000000 0.520000
21160800.0 0.000000 0.350000
21164400.0 0.000000 0.260000
21168000.0 0.000000 0.220000
21171600.0 0.000000 0.180000
21175200.0 0.000000 0.160000
21178800.0 0.000000 0.160000
21182400.0 0.000000 0.180000
21186000.0 0.000000 0.280000
21189600.0 0.000000 0.400000
21193200.0 0.017947 0.450000
21196800.0 0.168536 0.500000
21200400.0 0.341523 0.550000
21204000.0 0.486723 0.580000
21207600.0 0.589184 0.600000
21211200.0 0.643242 0.580000
21214800.0 0.647217 0.550000
21218400.0 0.601600 0.520000
21222000.0 0.508670 0.550000
21225600.0 0.373513 0.680000
21229200.0 0.207657 0.880000
21232800.0 0.045181 1.000000
21236400.0 0.000000 0.950000
21240000.0 0.000000 0.750000
21243600.0 0.000000 0.520000
21247200.0 0.000000 0.350000
21250800.0 0.000000 0.260000
21254400.0 0.000000 0.220000
21258000.0 0.000000 0.180000
21261600.0 0.000000 0.160000
21265200.0 0.000000 0.160000
21268800.0 0.000000 0.180000
21272400.0 0.000000 0.280000
21276000.0 0.000000 0.400000
21279600.0 0.017957 0.450000
21283200.0 0.168958 0.500000
21286800.0 0.342202 0.550000
21290400.0 0.487462 0.580000
21294000.0 0.589842 0.600000
21297600.0 0.643715 0.580000
21301200.0 0.647420 0.550000
21304800.0 0.601460 0.520000
21308400.0 0.508128 0.550000
21312000.0 0.372525 0.680000
21315600.0 0.206247 0.880000
21319200.0 0.043847 1.000000
21322800.0 0.000000 0.950000
21326400.0 0.000000 0.750000
21330000.0 0.000000 0.520000
21333600.0 0.000000 0.350000
21337200.0 0.000000 0.260000
21340800.0 0.000000 0.220000
21344400.0 0.000000 0.180000
21348000.0 0.000000 0.160000
21351600.0 0.000000 0.160000
21355200.0 0.000000 0.180000
21358800.0 0.000000 0.280000
21362400.0 0.000000 0.400000
21366000.0 0.017969 0.450000
21369600.0 0.169379 0.500000
21373200.0 0.342874 0.550000
21376800.0 0.488187 0.580000
21380400.0 0.590480 0.600000
21384000.0 0.644161 0.580000
21387600.0 0.647591 0.550000
21391200.0 0.601287 0.520000
21394800.0 0.507550 0.550000
21398400.0 0.371500 0.680000
21402000.0 0.204804 0.880000
21405600.0 0.042504 1.000000
21409200.0 0.000000 0.950000
21412800.0 0.000000 0.750000
21416400.0 0.000000 0.520000
21420000.0 0.000000 0.350000
21423600.0 0.000000 0.260000
21427200.0 0.000000 0.220000
21430800.0 0.000000 0.180000
21434400.0 0.000000 0.160000
21438000.0 0.000000 0.160000
21441600.0 0.000000 0.180000
21445200.0 0.000000 0.280000
21448800.0 0.000000 0.400000
21452400.0 0.017984 0.450000
21456000.0 0.169800 0.500000
21459600.0 0.343538 0.550000
21463200.0 0.488897 0.580000
21466800.0 0.591096 0.600000
21470400.0 0.644579 0.580000
21474000.0 0.647731 0.550000
21477600.0 0.601079 0.520000
21481200.0 0.506935 0.550000
21484800.0 0.370440 0.680000
21488400.0 0.203328 0.880000
21492000.0 0.041155 1.000000
21495600.0 0.000000 0.950000
21499200.0 0.000000 0.750000
21502800.0 0.000000 0.520000
21506400.0 0.000000 0.350000
21510000.0 0.000000 0.260000
21513600.0 0.000000 0.220000
21517200.0 0.000000 0.180000
21520800.0 0.000000 0.160000
21524400.0 0.000000 0.160000
21528000.0 0.000000 0.180000
21531600.0 0.000000 0.280000
21535200.0 0.000000 0.400000
21538800.0 0.018001 0.450000
21542400.0 0.170218 0.500000
21546000.0 0.344193 0.550000
21549600.0 0.489589 0.580000
21553200.0 0.591688 0.600000
21556800.0 0.644970 0.580000
21560400.0 0.647839 0.550000
21564000.0 0.600836 0.520000
21567600.0 0.506285 0.550000
21571200.0 0.369343 0.680000
21574800.0 0.201821 0.880000
21578400.0 0.039801 1.000000
21582000.0 0.000000 0.950000
21585600.0 0.000000 0.750000
21589200.0 0.000000 0.520000
21592800.0 0.000000 0.350000
21596400.0 0.000000 0.260000
21600000.0 0.000000 0.220000
21603600.0 0.000000 0.180000
21607200.0 0.000000 0.160000
21610800.0 0.000000 0.160000
21614400.0 0.000000 0.180000
21618000.0 0.000000 0.280000
21621600.0 0.000000 0.400000
21625200.0 0.018019 0.450000
21628800.0 0.170634 0.500000
21632400.0 0.344837 0.550000
21636000.0 0.490264 0.580000
21639600.0 0.592257 0.600000
21643200.0 0.645331 0.580000
21646800.0 0.647913 0.550000
21650400.0 0.600558 0.520000
21654000.0 0.505597 0.550000
21657600.0 0.368211 0.680000
21661200.0 0.200282 0.880000
21664800.0 0.038442 1.000000
21668400.0 0.000000 0.950000
21672000.0 0.000000 0.750000
21675600.0 0.000000 0.520000
21679200.0 0.000000 0.350000
21682800.0 0.000000 0.260000
21686400.0 0.000000 0.220000
21690000.0 0.000000 0.180000
21693600.0 0.000000 0.160000
21697200.0 0.000000 0.160000
21700800.0 0.000000 0.180000
21704400.0 0.000000 0.280000
21708000.0 0.000000 0.400000
21711600.0 0.018039 0.450000
21715200.0 0.171045 0.500000
21718800.0 0.345469 0.550000
21722400.0 0.490921 0.580000
21726000.0 0.592800 0.600000
21729600.0 0.645662 0.580000
21733200.0 0.647954 0.550000
21736800.0 0.600243 0.520000
21740400.0 0.504874 0.550000
21744000.0 0.367044 0.680000
21747600.0 0.198713 0.880000
21751200.0 0.037083 1.000000
21754800.0 0.000000 0.950000
21758400.0 0.000000 0.750000
21762000.0 0.000000 0.520000
21765600.0 0.000000 0.350000
21769200.0 0.000000 0.260000
21772800.0 0.000000 0.220000
21776400.0 0.000000 0.180000
21780000.0 0.000000 0.160000
21783600.0 0.000000 0.160000
21787200.0 0.000000 0.180000
21790800.0 0.000000 0.280000
21794400.0 0.000000 0.400000
21798000.0 0.018060 0.450000
21801600.0 0.171452 0.500000
21805200.0 0.346089 0.550000
21808800.0 0.491557 0.580000
21812400.0 0.593318 0.600000
21816000.0 0.645963 0.580000
21819600.0 0.647962 0.550000
21823200.0 0.599893 0.520000
21826800.0 0.504114 0.550000
21830400.0 0.365842 0.680000
21834000.0 0.197113 0.880000
21837600.0 0.035724 1.000000
21841200.0 0.000000 0.950000
21844800.0 0.000000 0.750000
21848400.0 0.000000 0.520000
21852000.0 0.000000 0.350000
21855600.0 0.000000 0.260000
21859200.0 0.000000 0.220000
21862800.0 0.000000 0.180000
21866400.0 0.000000 0.160000
21870000.0 0.000000 0.160000
21873600.0 0.000000 0.180000
21877200.0 0.000000 0.280000
21880800.0 0.000000 0.400000
21884400.0 0.018081 0.450000
21888000.0 0.171852 0.500000
21891600.0 0.346695 0.550000
21895200.0 0.492172 0.580000
21898800.0 0.593808 0.600000
21902400.0 0.646232 0.580000
21906000.0 0.647934 0.550000
21909600.0 0.599507 0.520000
21913200.0 0.503318 0.550000
21916800.0 0.364605 0.680000
21920400.0 0.195485 0.880000
21924000.0 0.034366 1.000000
21927600.0 0.000000 0.950000
21931200.0 0.000000 0.750000
21934800.0 0.000000 0.520000
21938400.0 0.000000 0.350000
21942000.0 0.000000 0.260000
21945600.0 0.000000 0.220000
21949200.0 0.000000 0.180000
21952800.0 0.000000 0.160000
21956400.0 0.000000 0.160000
21960000.0 0.000000 0.180000
21963600.0 0.000000 0.280000
21967200.0 0.000000 0.400000
21970800.0 0.018103 0.450000
21974400.0 0.172246 0.500000
21978000.0 0.347285 0.550000
21981600.0 0.492765 0.580000
21985200.0 0.594270 0.600000
21988800.0 0.646468 0.580000
21992400.0 0.647871 0.550000
21996000.0 0.599085 0.520000
21999600.0 0.502486 0.550000
22003200.0 0.363335 0.680000
22006800.0 0.193829 0.880000
22010400.0 0.033013 1.000000
22014000.0 0.000000 0.950000
22017600.0 0.000000 0.750000
22021200.0 0.000000 0.520000
22024800.0 0.000000 0.350000
22028400.0 0.000000 0.260000
22032000.0 0.000000 0.220000
22035600.0 0.000000 0.180000
22039200.0 0.000000 0.160000
22042800.0 0.000000 0.160000
22046400.0 0.000000 0.180000
22050000.0 0.000000 0.280000
22053600.0 0.000000 0.400000
22057200.0 0.018124 0.450000
22060800.0 0.172631 0.500000
22064400.0 0.347859 0.550000
22068000.0 0.493334 0.580000
22071600.0 0.594704 0.600000
22075200.0 0.646672 0.580000
22078800.0 0.647773 0.550000
22082400.0 0.598626 0.520000
22086000.0 0.501618 0.550000
22089600.0 0.362032 0.680000
22093200.0 0.192146 0.880000
22096800.0 0.031667 1.000000
22100400.0 0.000000 0.950000
22104000.0 0.000000 0.750000
22107600.0 0.000000 0.520000
22111200.0 0.000000 0.350000
22114800.0 0.000000 0.260000
22118400.0 0.000000 0.220000
22122000.0 0.000000 0.180000
22125600.0 0.000000 0.160000
22129200.0 0.000000 0.160000
22132800.0 0.000000 0.180000
22136400.0 0.000000 0.280000
22140000.0 0.000000 0.400000
22143600.0 0.018145 0.450000
22147200.0 0.173007 0.500000
22150800.0 0.348416 0.550000
22154400.0 0.493879 0.580000
22158000.0 0.595107 0.600000
22161600.0 0.646842 0.580000
22165200.0 0.647640 0.550000
22168800.0 0.598130 0.520000
22172400.0 0.500715 0.550000
22176000.0 0.360695 0.680000
22179600.0 0.190437 0.880000
22183200.0 0.030328 1.000000
22186800.0 0.000000 0.950000
22190400.0 0.000000 0.750000
22194000.0 0.000000 0.520000
22197600.0 0.000000 0.350000
22201200.0 0.000000 0.260000
22204800.0 0.000000 0.220000
22208400.0 0.000000 0.180000
22212000.0 0.000000 0.160000
22215600.0 0.000000 0.160000
22219200.0 0.000000 0.180000
22222800.0 0.000000 0.280000
22226400.0 0.000000 0.400000
22230000.0 0.018164 0.450000
22233600.0 0.173372 0.500000
22237200.0 0.348953 0.550000
22240800.0 0.494398 0.580000
22244400.0 0.595480 0.600000
22248000.0 0.646978 0.580000
22251600.0 0.647470 0.550000
22255200.0 0.597599 0.520000
22258800.0 0.499777 0.550000
22262400.0 0.359327 0.680000
22266000.0 0.188703 0.880000
22269600.0 0.029001 1.000000
22273200.0 0.000000 0.950000
22276800.0 0.000000 0.750000
22280400.0 0.000000 0.520000
22284000.0 0.000000 0.350000
22287600.0 0.000000 0.260000
22291200.0 0.000000 0.220000
22294800.0 0.000000 0.180000
22298400.0 0.000000 0.160000
22302000.0 0.000000 0.160000
22305600.0 0.000000 0.180000
22309200.0 0.000000 0.280000
22312800.0 0.000000 0.400000
22316400.0 0.018182 0.450000
22320000.0 0.173726 0.500000
22323600.0 0.349471 0.550000
22327200.0 0.494890 0.580000
22330800.0 0.595820 0.600000
22334400.0 0.647078 0.580000
22338000.0 0.647263 0.550000
22341600.0 0.597031 0.520000
22345200.0 0.498804 0.550000
22348800.0 0.357928 0.680000
22352400.0 0.186945 0.880000
22356000.0 0.027685 1.000000
22359600.0 0.000000 0.950000
22363200.0 0.000000 0.750000
22366800.0 0.000000 0.520000
22370400.0 0.000000 0.350000
22374000.0 0.000000 0.260000
22377600.0 0.000000 0.220000
22381200.0 0.000000 0.180000
22384800.0 0.000000 0.160000
22388400.0 0.000000 0.160000
22392000.0 0.000000 0.180000
22395600.0 0.000000 0.280000
22399200.0 0.000000 0.400000
22402800.0 0.018289 0.450000
22406400.0 0.174383 0.500000
22410000.0 0.350363 0.550000
22413600.0 0.495777 0.580000
22417200.0 0.596560 0.600000
22420800.0 0.647576 0.580000
22424400.0 0.647451 0.550000
22428000.0 0.596853 0.520000
22431600.0 0.498215 0.550000
22435200.0 0.356891 0.680000
22438800.0 0.185485 0.880000
22442400.0 0.026501 1.000000
22446000.0 0.000000 0.950000
22449600.0 0.000000 0.750000
22453200.0 0.000000 0.520000
22456800.0 0.000000 0.350000
22460400.0 0.000000 0.260000
22464000.0 0.000000 0.220000
22467600.0 0.000000 0.180000
22471200.0 0.000000 0.160000
22474800.0 0.000000 0.160000
22478400.0 0.000000 0.180000
22482000.0 0.000000 0.280000
22485600.0 0.000000 0.400000
22489200.0 0.018395 0.450000
22492800.0 0.175030 0.500000
22496400.0 0.351236 0.550000
22500000.0 0.496639 0.580000
22503600.0 0.597268 0.600000
22507200.0 0.648040 0.580000
22510800.0 0.647604 0.550000
22514400.0 0.596643 0.520000
22518000.0 0.497595 0.550000
22521600.0 0.355827 0.680000
22525200.0 0.184005 0.880000
22528800.0 0.025329 1.000000
22532400.0 0.000000 0.950000
22536000.0 0.000000 0.750000
22539600.0 0.000000 0.520000
22543200.0 0.000000 0.350000
22546800.0 0.000000 0.260000
22550400.0 0.000000 0.220000
22554000.0 0.000000 0.180000
22557600.0 0.000000 0.160000
22561200.0 0.000000 0.160000
22564800.0 0.000000 0.180000
22568400.0 0.000000 0.280000
22572000.0 0.000000 0.400000
22575600.0 0.018498 0.450000
22579200.0 0.175664 0.500000
22582800.0 0.352088 0.550000
22586400.0 0.497472 0.580000
22590000.0 0.597944 0.600000
22593600.0 0.648469 0.580000
22597200.0 0.647722 0.550000
22600800.0 0.596398 0.520000
22604400.0 0.496944 0.550000
22608000.0 0.354737 0.680000
22611600.0 0.182505 0.880000
22615200.0 0.024169 1.000000
22618800.0 0.000000 0.950000
22622400.0 0.000000 0.750000
22626000.0 0.000000 0.520000
22629600.0 0.000000 0.350000
22633200.0 0.000000 0.260000
22636800.0 0.000000 0.220000
22640400.0 0.000000 0.180000
22644000.0 0.000000 0.160000
22647600.0 0.000000 0.160000
22651200.0 0.000000 0.180000
22654800.0 0.000000 0.280000
22658400.0 0.000000 0.400000
22662000.0 0.018598 0.450000
22665600.0 0.176285 0.500000
22669200.0 0.352917 0.550000
22672800.0 0.498277 0.580000
22676400.0 0.598588 0.600000
22680000.0 0.648864 0.580000
22683600.0 0.647806 0.550000
22687200.0 0.596121 0.520000
22690800.0 0.496263 0.550000
22694400.0 0.353622 0.680000
22698000.0 0.180988 0.880000
22701600.0 0.023025 1.000000
22705200.0 0.000000 0.950000
22708800.0 0.000000 0.750000
22712400.0 0.000000 0.520000
22716000.0 0.000000 0.350000
22719600.0 0.000000 0.260000
22723200.0 0.000000 0.220000
22726800.0 0.000000 0.180000
22730400.0 0.000000 0.160000
22734000.0 0.000000 0.160000
22737600.0 0.000000 0.180000
22741200.0 0.000000 0.280000
22744800.0 0.000000 0.400000
22748400.0 0.018695 0.450000
22752000.0 0.176891 0.500000
22755600.0 0.353722 0.550000
22759200.0 0.499051 0.580000
22762800.0 0.599197 0.600000
22766400.0 0.649223 0.580000
22770000.0 0.647854 0.550000
22773600.0 0.595811 0.520000
22777200.0 0.495554 0.550000
22780800.0 0.352484 0.680000
22784400.0 0.179455 0.880000
22788000.0 0.021897 1.000000
22791600.0 0.000000 0.950000
22795200.0 0.000000 0.750000
22798800.0 0.000000 0.520000
22802400.0 0.000000 0.350000
22806000.0 0.000000 0.260000
22809600.0 0.000000 0.220000
22813200.0 0.000000 0.180000
22816800.0 0.000000 0.160000
22820400.0 0.000000 0.160000
22824000.0 0.000000 0.180000
22827600.0 0.000000 0.280000
22831200.0 0.000000 0.400000
22834800.0 0.018787 0.450000
22838400.0 0.177481 0.500000
22842000.0 0.354503 0.550000
22845600.0 0.499795 0.580000
22849200.0 0.599772 0.600000
22852800.0 0.649546 0.580000
22856400.0 0.647867 0.550000
22860000.0 0.595468 0.520000
22863600.0 0.494816 0.550000
22867200.0 0.351322 0.680000
22870800.0 0.177906 0.880000
22874400.0 0.020789 1.000000
22878000.0 0.000000 0.950000
22881600.0 0.000000 0.750000
22885200.0 0.000000 0.520000
22888800.0 0.000000 0.350000
22892400.0 0.000000 0.260000
22896000.0 0.000000 0.220000
22899600.0 0.000000 0.180000
22903200.0 0.000000 0.160000
22906800.0 0.000000 0.160000
22910400.0 0.000000 0.180000
22914000.0 0.000000 0.280000
22917600.0 0.000000 0.400000
22921200.0 0.018874 0.450000
22924800.0 0.178052 0.500000
22928400.0 0.355256 0.550000
22932000.0 0.500506 0.580000
22935600.0 0.600312 0.600000
22939200.0 0.649833 0.580000
22942800.0 0.647846 0.550000
22946400.0 0.595093 0.520000
22950000.0 0.494050 0.550000
22953600.0 0.350139 0.680000
22957200.0 0.176345 0.880000
22960800.0 0.019701 1.000000
22964400.0 0.000000 0.950000
22968000.0 0.000000 0.750000
22971600.0 0.000000 0.520000
22975200.0 0.000000 0.350000
22978800.0 0.000000 0.260000
22982400.0 0.000000 0.220000
22986000.0 0.000000 0.180000
22989600.0 0.000000 0.160000
22993200.0 0.000000 0.160000
22996800.0 0.000000 0.180000
23000400.0 0.000000 0.280000
23004000.0 0.000000 0.400000
23007600.0 0.018956 0.450000
23011200.0 0.178605 0.500000
23014800.0 0.355982 0.550000
23018400.0 0.501184 0.580000
23022000.0 0.600816 0.600000
23025600.0 0.650084 0.580000
23029200.0 0.647789 0.550000
23032800.0 0.594686 0.520000
23036400.0 0.493258 0.550000
23040000.0 0.348936 0.680000
23043600.0 0.174771 0.880000
23047200.0 0.018635 1.000000
23050800.0 0.000000 0.950000
23054400.0 0.000000 0.750000
23058000.0 0.000000 0.520000
23061600.0 0.000000 0.350000
23065200.0 0.000000 0.260000
23068800.0 0.000000 0.220000
23072400.0 0.000000 0.180000
23076000.0 0.000000 0.160000
23079600.0 0.000000 0.160000
23083200.0 0.000000 0.180000
23086800.0 0.000000 0.280000
23090400.0 0.000000 0.400000
23094000.0 0.019031 0.450000
23097600.0 0.179137 0.500000
23101200.0 0.356679 0.550000
23104800.0 0.501828 0.580000
23108400.0 0.601283 0.600000
23112000.0 0.650298 0.580000
23115600.0 0.647697 0.550000
23119200.0 0.594248 0.520000
23122800.0 0.492440 0.550000
23126400.0 0.347713 0.680000
23130000.0 0.173187 0.880000
23133600.0 0.017594 1.000000
23137200.0 0.000000 0.950000
23140800.0 0.000000 0.750000
23144400.0 0.000000 0.520000
23148000.0 0.000000 0.350000
23151600.0 0.000000 0.260000
23155200.0 0.000000 0.220000
23158800.0 0.000000 0.180000
23162400.0 0.000000 0.160000
23166000.0 0.000000 0.160000
23169600.0 0.000000 0.180000
23173200.0 0.000000 0.280000
23176800.0 0.000000 0.400000
23180400.0 0.019099 0.450000
23184000.0 0.179647 0.500000
23187600.0 0.357345 0.550000
23191200.0 0.502437 0.580000
23194800.0 0.601713 0.600000
23198400.0 0.650475 0.580000
23202000.0 0.647571 0.550000
23205600.0 0.593780 0.520000
23209200.0 0.491596 0.550000
23212800.0 0.346472 0.680000
23216400.0 0.171593 0.880000
23220000.0 0.016578 1.000000
23223600.0 0.000000 0.950000
23227200.0 0.000000 0.750000
23230800.0 0.000000 0.520000
23234400.0 0.000000 0.350000
23238000.0 0.000000 0.260000
23241600.0 0.000000 0.220000
23245200.0 0.000000 0.180000
23248800.0 0.000000 0.160000
23252400.0 0.000000 0.160000
23256000.0 0.000000 0.180000
23259600.0 0.000000 0.280000
23263200.0 0.000000 0.400000
23266800.0 0.019159 0.450000
23270400.0 0.180135 0.500000
23274000.0 0.357981 0.550000
23277600.0 0.503009 0.580000
23281200.0 0.602105 0.600000
23284800.0 0.650615 0.580000
23288400.0 0.647410 0.550000
23292000.0 0.593281 0.520000
23295600.0 0.490728 0.550000
23299200.0 0.345214 0.680000
23302800.0 0.169991 0.880000
23306400.0 0.015590 1.000000
23310000.0 0.000000 0.950000
23313600.0 0.000000 0.750000
23317200.0 0.000000 0.520000
23320800.0 0.000000 0.350000
23324400.0 0.000000 0.260000
23328000.0 0.000000 0.220000
23331600.0 0.000000 0.180000
23335200.0 0.000000 0.160000
23338800.0 0.000000 0.160000
23342400.0 0.000000 0.180000
23346000.0 0.000000 0.280000
23349600.0 0.000000 0.400000
23353200.0 0.019212 0.450000
23356800.0 0.180599 0.500000
23360400.0 0.358584 0.550000
23364000.0 0.503546 0.580000
23367600.0 0.602459 0.600000
23371200.0 0.650718 0.580000
23374800.0 0.647215 0.550000
23378400.0 0.592752 0.520000
23382000.0 0.489837 0.550000
23385600.0 0.343940 0.680000
23389200.0 0.168382 0.880000
23392800.0 0.014630 1.000000
23396400.0 0.000000 0.950000
23400000.0 0.000000 0.750000
23403600.0 0.000000 0.520000
23407200.0 0.000000 0.350000
23410800.0 0.000000 0.260000
23414400.0 0.000000 0.220000
23418000.0 0.000000 0.180000
23421600.0 0.000000 0.160000
23425200.0 0.000000 0.160000
23428800.0 0.000000 0.180000
23432400.0 0.000000 0.280000
23436000.0 0.000000 0.400000
23439600.0 0.019256 0.450000
23443200.0 0.181038 0.500000
23446800.0 0.359155 0.550000
23450400.0 0.504045 0.580000
23454000.0 0.602775 0.600000
23457600.0 0.650783 0.580000
23461200.0 0.646985 0.550000
23464800.0 0.592194 0.520000
23468400.0 0.488923 0.550000
23472000.0 0.342651 0.680000
23475600.0 0.166768 0.880000
23479200.0 0.013699 1.000000
23482800.0 0.000000 0.950000
23486400.0 0.000000 0.750000
23490000.0 0.000000 0.520000
23493600.0 0.000000 0.350000
23497200.0 0.000000 0.260000
23500800.0 0.000000 0.220000
23504400.0 0.000000 0.180000
23508000.0 0.000000 0.160000
23511600.0 0.000000 0.160000
23515200.0 0.000000 0.180000
23518800.0 0.000000 0.280000
23522400.0 0.000000 0.400000
23526000.0 0.019291 0.450000
23529600.0 0.181451 0.500000
23533200.0 0.359692 0.550000
23536800.0 0.504506 0.580000
23540400.0 0.603052 0.600000
23544000.0 0.650811 0.580000
23547600.0 0.646722 0.550000
23551200.0 0.591608 0.520000
23554800.0 0.487987 0.550000
23558400.0 0.341349 0.680000
23562000.0 0.165150 0.880000
23565600.0 0.012800 1.000000
23569200.0 0.000000 0.950000
23572800.0 0.000000 0.750000
23576400.0 0.000000 0.520000
23580000.0 0.000000 0.350000
23583600.0 0.000000 0.260000
23587200.0 0.000000 0.220000
23590800.0 0.000000 0.180000
23594400.0 0.000000 0.160000
23598000.0 0.000000 0.160000
23601600.0 0.000000 0.180000
23605200.0 0.000000 0.280000
23608800.0 0.000000 0.400000
23612400.0 0.019316 0.450000
23616000.0 0.181838 0.500000
23619600.0 0.360194 0.550000
23623200.0 0.504929 0.580000
23626800.0 0.603290 0.600000
23630400.0 0.650802 0.580000
23634000.0 0.646425 0.550000
23637600.0 0.590993 0.520000
23641200.0 0.487030 0.550000
23644800.0 0.340034 0.680000
23648400.0 0.163530 0.880000
23652000.0 0.011933 1.000000
23655600.0 0.000000 0.950000
23659200.0 0.000000 0.750000
23662800.0 0.000000 0.520000
23666400.0 0.000000 0.350000
23670000.0 0.000000 0.260000
23673600.0 0.000000 0.220000
23677200.0 0.000000 0.180000
23680800.0 0.000000 0.160000
23684400.0 0.000000 0.160000
23688000.0 0.000000 0.180000
23691600.0 0.000000 0.280000
23695200.0 0.000000 0.400000
23698800.0 0.020665 0.450000
23702400.0 0.194372 0.500000
23706000.0 0.383304 0.550000
23709600.0 0.535143 0.580000
23713200.0 0.637255 0.600000
23716800.0 0.685769 0.580000
23720400.0 0.680204 0.550000
23724000.0 0.621650 0.520000
23727600.0 0.512529 0.550000
23731200.0 0.358022 0.680000
23734800.0 0.171679 0.880000
23738400.0 0.011783 1.000000
23742000.0 0.000000 0.950000
23745600.0 0.000000 0.750000
23749200.0 0.000000 0.520000
23752800.0 0.000000 0.350000
23756400.0 0.000000 0.260000
23760000.0 0.000000 0.220000
23763600.0 0.000000 0.180000
23767200.0 0.000000 0.160000
23770800.0 0.000000 0.160000
23774400.0 0.000000 0.180000
23778000.0 0.000000 0.280000
23781600.0 0.000000 0.400000
23785200.0 0.020675 0.450000
23788800.0 0.194764 0.500000
23792400.0 0.383812 0.550000
23796000.0 0.535562 0.580000
23799600.0 0.637477 0.600000
23803200.0 0.685737 0.580000
23806800.0 0.679880 0.550000
23810400.0 0.621007 0.520000
23814000.0 0.511542 0.550000
23817600.0 0.356668 0.680000
23821200.0 0.169999 0.880000
23824800.0 0.010936 1.000000
23828400.0 0.000000 0.950000
23832000.0 0.000000 0.750000
23835600.0 0.000000 0.520000
23839200.0 0.000000 0.350000
23842800.0 0.000000 0.260000
23846400.0 0.000000 0.220000
23850000.0 0.000000 0.180000
23853600.0 0.000000 0.160000
23857200.0 0.000000 0.160000
23860800.0 0.000000 0.180000
23864400.0 0.000000 0.280000
23868000.0 0.000000 0.400000
23871600.0 0.020674 0.450000
23875200.0 0.195125 0.500000
23878800.0 0.384281 0.550000
23882400.0 0.535938 0.580000
23886000.0 0.637658 0.600000
23889600.0 0.685666 0.580000
23893200.0 0.679523 0.550000
23896800.0 0.620338 0.520000
23900400.0 0.510535 0.550000
23904000.0 0.355303 0.680000
23907600.0 0.168319 0.880000
23911200.0 0.010124 1.000000
23914800.0 0.000000 0.950000
23918400.0 0.000000 0.750000
23922000.0 0.000000 0.520000
23925600.0 0.000000 0.350000
23929200.0 0.000000 0.260000
23932800.0 0.000000 0.220000
23936400.0 0.000000 0.180000
23940000.0 0.000000 0.160000
23943600.0 0.000000 0.160000
23947200.0 0.000000 0.180000
23950800.0 0.000000 0.280000
23954400.0 0.000000 0.400000
23958000.0 0.020660 0.450000
23961600.0 0.195453 0.500000
23965200.0 0.384711 0.550000
23968800.0 0.536272 0.580000
23972400.0 0.637796 0.600000
23976000.0 0.685556 0.580000
23979600.0 0.679132 0.550000
23983200.0 0.619641 0.520000
23986800.0 0.509511 0.550000
23990400.0 0.353930 0.680000
23994000.0 0.166642 0.880000
23997600.0 0.009349 1.000000
24001200.0 0.000000 0.950000
24004800.0 0.000000 0.750000
24008400.0 0.000000 0.520000
24012000.0 0.000000 0.350000
24015600.0 0.000000 0.260000
24019200.0 0.000000 0.220000
24022800.0 0.000000 0.180000
24026400.0 0.000000 0.160000
24030000.0 0.000000 0.160000
24033600.0 0.000000 0.180000
24037200.0 0.000000 0.280000
24040800.0 0.000000 0.400000
24044400.0 0.020634 0.450000
24048000.0 0.195749 0.500000
24051600.0 0.385100 0.550000
24055200.0 0.536563 0.580000
24058800.0 0.637893 0.600000
24062400.0 0.685408 0.580000
24066000.0 0.678709 0.550000
24069600.0 0.618920 0.520000
24073200.0 0.508469 0.550000
24076800.0 0.352550 0.680000
24080400.0 0.164968 0.880000
24084000.0 0.008612 1.000000
24087600.0 0.000000 0.950000
24091200.0 0.000000 0.750000
24094800.0 0.000000 0.520000
24098400.0 0.000000 0.350000
24102000.0 0.000000 0.260000
24105600.0 0.000000 0.220000
24109200.0 0.000000 0.180000
24112800.0 0.000000 0.160000
24116400.0 0.000000 0.160000
24120000.0 0.000000 0.180000
24123600.0 0.000000 0.280000
24127200.0 0.000000 0.400000
24130800.0 0.020595 0.450000
24134400.0 0.196010 0.500000
24138000.0 0.385448 0.550000
24141600.0 0.536811 0.580000
24145200.0 0.637949 0.600000
24148800.0 0.685222 0.580000
24152400.0 0.678253 0.550000
24156000.0 0.618173 0.520000
24159600.0 0.507412 0.550000
24163200.0 0.351165 0.680000
24166800.0 0.163300 0.880000
24170400.0 0.007912 1.000000
24174000.0 0.000000 0.950000
24177600.0 0.000000 0.750000
24181200.0 0.000000 0.520000
24184800.0 0.000000 0.350000
24188400.0 0.000000 0.260000
24192000.0 0.000000 0.220000
24195600.0 0.000000 0.180000
24199200.0 0.000000 0.160000
24202800.0 0.000000 0.160000
24206400.0 0.000000 0.180000
24210000.0 0.000000 0.280000
24213600.0 0.000000 0.400000
24217200.0 0.020542 0.450000
24220800.0 0.196236 0.500000
24224400.0 0.385755 0.550000
24228000.0 0.537016 0.580000
24231600.0 0.637962 0.600000
24235200.0 0.684999 0.580000
24238800.0 0.677766 0.550000
24242400.0 0.617403 0.520000
24246000.0 0.506341 0.550000
24249600.0 0.349775 0.680000
24253200.0 0.161638 0.880000
24256800.0 0.007249 1.000000
24260400.0 0.000000 0.950000
24264000.0 0.000000 0.750000
24267600.0 0.000000 0.520000
24271200.0 0.000000 0.350000
24274800.0 0.000000 0.260000
24278400.0 0.000000 0.220000
24282000.0 0.000000 0.180000
24285600.0 0.000000 0.160000
24289200.0 0.000000 0.160000
24292800.0 0.000000 0.180000
24296400.0 0.000000 0.280000
24300000.0 0.000000 0.400000
24303600.0 0.020476 0.450000
24307200.0 0.196427 0.500000
24310800.0 0.386019 0.550000
24314400.0 0.537177 0.580000
24318000.0 0.637934 0.600000
24321600.0 0.684738 0.580000
24325200.0 0.677248 0.550000
24328800.0 0.616610 0.520000
24332400.0 0.505256 0.550000
24336000.0 0.348382 0.680000
24339600.0 0.159984 0.880000
24343200.0 0.006625 1.000000
24346800.0 0.000000 0.950000
24350400.0 0.000000 0.750000
24354000.0 0.000000 0.520000
24357600.0 0.000000 0.350000
24361200.0 0.000000 0.260000
24364800.0 0.000000 0.220000
24368400.0 0.000000 0.180000
24372000.0 0.000000 0.160000
24375600.0 0.000000 0.160000
24379200.0 0.000000 0.180000
24382800.0 0.000000 0.280000
24386400.0 0.000000 0.400000
24390000.0 0.020396 0.450000
24393600.0 0.196582 0.500000
24397200.0 0.386240 0.550000
24400800.0 0.537294 0.580000
24404400.0 0.637864 0.600000
24408000.0 0.684440 0.580000
24411600.0 0.676700 0.550000
24415200.0 0.615795 0.520000
24418800.0 0.504159 0.550000
24422400.0 0.346988 0.680000
24426000.0 0.158340 0.880000
24429600.0 0.006038 1.000000
24433200.0 0.000000 0.950000
24436800.0 0.000000 0.750000
24440400.0 0.000000 0.520000
24444000.0 0.000000 0.350000
24447600.0 0.000000 0.260000
24451200.0 0.000000 0.220000
24454800.0 0.000000 0.180000
24458400.0 0.000000 0.160000
24462000.0 0.000000 0.160000
24465600.0 0.000000 0.180000
24469200.0 0.000000 0.280000
24472800.0 0.000000 0.400000
24476400.0 0.020301 0.450000
24480000.0 0.196700 0.500000
24483600.0 0.386419 0.550000
24487200.0 0.537367 0.580000
24490800.0 0.637752 0.600000
24494400.0 0.684106 0.580000
24498000.0 0.676122 0.550000
24501600.0 0.614960 0.520000
24505200.0 0.503052 0.550000
24508800.0 0.345594 0.680000
24512400.0 0.156707 0.880000
24516000.0 0.005488 1.000000
24519600.0 0.000000 0.950000
24523200.0 0.000000 0.750000
24526800.0 0.000000 0.520000
24530400.0 0.000000 0.350000
24534000.0 0.000000 0.260000
24537600.0 0.000000 0.220000
24541200.0 0.000000 0.180000
24544800.0 0.000000 0.160000
24548400.0 0.000000 0.160000
24552000.0 0.000000 0.180000
24555600.0 0.000000 0.280000
24559200.0 0.000000 0.400000
24562800.0 0.020191 0.450000
24566400.0 0.196780 0.500000
24570000.0 0.386553 0.550000
24573600.0 0.537396 0.580000
24577200.0 0.637600 0.600000
24580800.0 0.683736 0.580000
24584400.0 0.675516 0.550000
24588000.0 0.614104 0.520000
24591600.0 0.501934 0.550000
24595200.0 0.344201 0.680000
24598800.0 0.155087 0.880000
24602400.0 0.004974 1.000000
24606000.0 0.000000 0.950000
24609600.0 0.000000 0.750000
24613200.0 0.000000 0.520000
24616800.0 0.000000 0.350000
24620400.0 0.000000 0.260000
24624000.0 0.000000 0.220000
24627600.0 0.000000 0.180000
24631200.0 0.000000 0.160000
24634800.0 0.000000 0.160000
24638400.0 0.000000 0.180000
24642000.0 0.000000 0.280000
24645600.0 0.000000 0.400000
24649200.0 0.020066 0.450000
24652800.0 0.196821 0.500000
24656400.0 0.386643 0.550000
24660000.0 0.537381 0.580000
24663600.0 0.637406 0.600000
24667200.0 0.683330 0.580000
24670800.0 0.674882 0.550000
24674400.0 0.613230 0.520000
24678000.0 0.500809 0.550000
24681600.0 0.342812 0.680000
24685200.0 0.153481 0.880000
24688800.0 0.004496 1.000000
24692400.0 0.000000 0.950000
24696000.0 0.000000 0.750000
24699600.0 0.000000 0.520000
24703200.0 0.000000 0.350000
24706800.0 0.000000 0.260000
24710400.0 0.000000 0.220000
24714000.0 0.000000 0.180000
24717600.0 0.000000 0.160000
24721200.0 0.000000 0.160000
24724800.0 0.000000 0.180000
24728400.0 0.000000 0.280000
24732000.0 0.000000 0.400000
24735600.0 0.019925 0.450000
24739200.0 0.196823 0.500000
24742800.0 0.386689 0.550000
24746400.0 0.537321 0.580000
24750000.0 0.637172 0.600000
24753600.0 0.682890 0.580000
24757200.0 0.674221 0.550000
24760800.0 0.612339 0.520000
24764400.0 0.499678 0.550000
24768000.0 0.341427 0.680000
24771600.0 0.151892 0.880000
24775200.0 0.004053 1.000000
24778800.0 0.000000 0.950000
24782400.0 0.000000 0.750000
24786000.0 0.000000 0.520000
24789600.0 0.000000 0.350000
24793200.0 0.000000 0.260000
24796800.0 0.000000 0.220000
24800400.0 0.000000 0.180000
24804000.0 0.000000 0.160000
24807600.0 0.000000 0.160000
24811200.0 0.000000 0.180000
24814800.0 0.000000 0.280000
24818400.0 0.000000 0.400000
24822000.0 0.019769 0.450000
24825600.0 0.196784 0.500000
24829200.0 0.386689 0.550000
24832800.0 0.537216 0.580000
24836400.0 0.636897 0.600000
24840000.0 0.682416 0.580000
24843600.0 0.673534 0.550000
24847200.0 0.611432 0.520000
24850800.0 0.498541 0.550000
24854400.0 0.340049 0.680000
24858000.0 0.150320 0.880000
24861600.0 0.003644 1.000000
24865200.0 0.000000 0.950000
24868800.0 0.000000 0.750000
24872400.0 0.000000 0.520000
24876000.0 0.000000 0.350000
24879600.0 0.000000 0.260000
24883200.0 0.000000 0.220000
24886800.0 0.000000 0.180000
24890400.0 0.000000 0.160000
24894000.0 0.000000 0.160000
24897600.0 0.000000 0.180000
24901200.0 0.000000 0.280000
24904800.0 0.000000 0.400000
24908400.0 0.019596 0.450000
24912000.0 0.196705 0.500000
24915600.0 0.386644 0.550000
24919200.0 0.537067 0.580000
24922800.0 0.636581 0.600000
24926400.0 0.681908 0.580000
24930000.0 0.672822 0.550000
24933600.0 0.610510 0.520000
24937200.0 0.497401 0.550000
24940800.0 0.338679 0.680000
24944400.0 0.148768 0.880000
24948000.0 0.003267 1.000000
24951600.0 0.000000 0.950000
24955200.0 0.000000 0.750000
24958800.0 0.000000 0.520000
24962400.0 0.000000 0.350000
24966000.0 0.000000 0.260000
24969600.0 0.000000 0.220000
24973200.0 0.000000 0.180000
24976800.0 0.000000 0.160000
24980400.0 0.000000 0.160000
24984000.0 0.000000 0.180000
24987600.0 0.000000 0.280000
24991200.0 0.000000 0.400000
24994800.0 0.019465 0.450000
24998400.0 0.196785 0.500000
25002000.0 0.386792 0.550000
25005600.0 0.537121 0.580000
25009200.0 0.636474 0.600000
25012800.0 0.681613 0.580000
25016400.0 0.672332 0.550000
25020000.0 0.609818 0.520000
25023600.0 0.496500 0.550000
25027200.0 0.337548 0.680000
25030800.0 0.147415 0.880000
25034400.0 0.002936 1.000000
25038000.0 0.000000 0.950000
25041600.0 0.000000 0.750000
25045200.0 0.000000 0.520000
25048800.0 0.000000 0.350000
25052400.0 0.000000 0.260000
25056000.0 0.000000 0.220000
25059600.0 0.000000 0.180000
25063200.0 0.000000 0.160000
25066800.0 0.000000 0.160000
25070400.0 0.000000 0.180000
25074000.0 0.000000 0.280000
25077600.0 0.000000 0.400000
25081200.0 0.019374 0.450000
25084800.0 0.197028 0.500000
25088400.0 0.387135 0.550000
25092000.0 0.537381 0.580000
25095600.0 0.636577 0.600000
25099200.0 0.681536 0.580000
25102800.0 0.672066 0.550000
25106400.0 0.609362 0.520000
25110000.0 0.495842 0.550000
25113600.0 0.336659 0.680000
25117200.0 0.146265 0.880000
25120800.0 0.002645 1.000000
25124400.0 0.000000 0.950000
25128000.0 0.000000 0.750000
25131600.0 0.000000 0.520000
25135200.0 0.000000 0.350000
25138800.0 0.000000 0.260000
25142400.0 0.000000 0.220000
25146000.0 0.000000 0.180000
25149600.0 0.000000 0.160000
25153200.0 0.000000 0.160000
25156800.0 0.000000 0.180000
25160400.0 0.000000 0.280000
25164000.0 0.000000 0.400000
25167600.0 0.019267 0.450000
25171200.0 0.197232 0.500000
25174800.0 0.387436 0.550000
25178400.0 0.537600 0.580000
25182000.0 0.636645 0.600000
25185600.0 0.681430 0.580000
25189200.0 0.671781 0.550000
25192800.0 0.608897 0.520000
25196400.0 0.495190 0.550000
25200000.0 0.335787 0.680000
25203600.0 0.145141 0.880000
25207200.0 0.002379 1.000000
25210800.0 0.000000 0.950000
25214400.0 0.000000 0.750000
25218000.0 0.000000 0.520000
25221600.0 0.000000 0.350000
25225200.0 0.000000 0.260000
25228800.0 0.000000 0.220000
25232400.0 0.000000 0.180000
25236000.0 0.000000 0.160000
25239600.0 0.000000 0.160000
25243200.0 0.000000 0.180000
25246800.0 0.000000 0.280000
25250400.0 0.000000 0.400000
25254000.0 0.019142 0.450000
25257600.0 0.197396 0.500000
25261200.0 0.387693 0.550000
25264800.0 0.537777 0.580000
25268400.0 0.636677 0.600000
25272000.0 0.681296 0.580000
25275600.0 0.671479 0.550000
25279200.0 0.608427 0.520000
25282800.0 0.494544 0.550000
25286400.0 0.334935 0.680000
25290000.0 0.144046 0.880000
25293600.0 0.002136 1.000000
25297200.0 0.000000 0.950000
25300800.0 0.000000 0.750000
25304400.0 0.000000 0.520000
25308000.0 0.000000 0.350000
25311600.0 0.000000 0.260000
25315200.0 0.000000 0.220000
25318800.0 0.000000 0.180000
25322400.0 0.000000 0.160000
25326000.0 0.000000 0.160000
25329600.0 0.000000 0.180000
25333200.0 0.000000 0.280000
25336800.0 0.000000 0.400000
25340400.0 0.018999 0.450000
25344000.0 0.197520 0.500000
25347600.0 0.387907 0.550000
25351200.0 0.537913 0.580000
25354800.0 0.636673 0.600000
25358400.0 0.681135 0.580000
25362000.0 0.671161 0.550000
25365600.0 0.607952 0.520000
25369200.0 0.493906 0.550000
25372800.0 0.334104 0.680000
25376400.0 0.142981 0.880000
25380000.0 0.001915 1.000000
25383600.0 0.000000 0.950000
25387200.0 0.000000 0.750000
25390800.0 0.000000 0.520000
25394400.0 0.000000 0.350000
25398000.0 0.000000 0.260000
25401600.0 0.000000 0.220000
25405200.0 0.000000 0.180000
25408800.0 0.000000 0.160000
25412400.0 0.000000 0.160000
25416000.0 0.000000 0.180000
25419600.0 0.000000 0.280000
25423200.0 0.000000 0.400000
25426800.0 0.018838 0.450000
25430400.0 0.197602 0.500000
25434000.0 0.388076 0.550000
25437600.0 0.538007 0.580000
25441200.0 0.636635 0.600000
25444800.0 0.680949 0.580000
25448400.0 0.670827 0.550000
25452000.0 0.607474 0.520000
25455600.0 0.493278 0.550000
25459200.0 0.333296 0.680000
25462800.0 0.141948 0.880000
25466400.0 0.001714 1.000000
25470000.0 0.000000 0.950000
25473600.0 0.000000 0.750000
25477200.0 0.000000 0.520000
25480800.0 0.000000 0.350000
25484400.0 0.000000 0.260000
25488000.0 0.000000 0.220000
25491600.0 0.000000 0.180000
25495200.0 0.000000 0.160000
25498800.0 0.000000 0.160000
25502400.0 0.000000 0.180000
25506000.0 0.000000 0.280000
25509600.0 0.000000 0.400000
25513200.0 0.018658 0.450000
25516800.0 0.197642 0.500000
25520400.0 0.388201 0.550000
25524000.0 0.538061 0.580000
25527600.0 0.636563 0.600000
25531200.0 0.680738 0.580000
25534800.0 0.670479 0.550000
25538400.0 0.606994 0.520000
25542000.0 0.492661 0.550000
25545600.0 0.332513 0.680000
25549200.0 0.140948 0.880000
25552800.0 0.001533 1.000000
25556400.0 0.000000 0.950000
25560000.0 0.000000 0.750000
25563600.0 0.000000 0.520000
25567200.0 0.000000 0.350000
25570800.0 0.000000 0.260000
25574400.0 0.000000 0.220000
25578000.0 0.000000 0.180000
25581600.0 0.000000 0.160000
25585200.0 0.000000 0.160000
25588800.0 0.000000 0.180000
25592400.0 0.000000 0.280000
25596000.0 0.000000 0.400000
25599600.0 0.018461 0.450000
25603200.0 0.197640 0.500000
25606800.0 0.388282 0.550000
25610400.0 0.538075 0.580000
25614000.0 0.636458 0.600000
25617600.0 0.680503 0.580000
25621200.0 0.670119 0.550000
25624800.0 0.606514 0.520000
25628400.0 0.492058 0.550000
25632000.0 0.331756 0.680000
25635600.0 0.139985 0.880000
25639200.0 0.001370 1.000000
25642800.0 0.000000 0.950000
25646400.0 0.000000 0.750000
25650000.0 0.000000 0.520000
25653600.0 0.000000 0.350000
25657200.0 0.000000 0.260000
25660800.0 0.000000 0.220000
25664400.0 0.000000 0.180000
25668000.0 0.000000 0.160000
25671600.0 0.000000 0.160000
25675200.0 0.000000 0.180000
25678800.0 0.000000 0.280000
25682400.0 0.000000 0.400000
25686000.0 0.018244 0.450000
25689600.0 0.197595 0.500000
25693200.0 0.388319 0.550000
25696800.0 0.538048 0.580000
25700400.0 0.636320 0.600000
25704000.0 0.680245 0.580000
25707600.0 0.669747 0.550000
25711200.0 0.606035 0.520000
25714800.0 0.491470 0.550000
25718400.0 0.331027 0.680000
25722000.0 0.139058 0.880000
25725600.0 0.001224 1.000000
25729200.0 0.000000 0.950000
25732800.0 0.000000 0.750000
25736400.0 0.000000 0.520000
25740000.0 0.000000 0.350000
25743600.0 0.000000 0.260000
25747200.0 0.000000 0.220000
25750800.0 0.000000 0.180000
25754400.0 0.000000 0.160000
25758000.0 0.000000 0.160000
25761600.0 0.000000 0.180000
25765200.0 0.000000 0.280000
25768800.0 0.000000 0.400000
25772400.0 0.018009 0.450000
25776000.0 0.197507 0.500000
25779600.0 0.388311 0.550000
25783200.0 0.537982 0.580000
25786800.0 0.636150 0.600000
25790400.0 0.679966 0.580000
25794000.0 0.669364 0.550000
25797600.0 0.605558 0.520000
25801200.0 0.490897 0.550000
25804800.0 0.330328 0.680000
25808400.0 0.138170 0.880000
25812000.0 0.001093 1.000000
25815600.0 0.000000 0.950000
25819200.0 0.000000 0.750000
25822800.0 0.000000 0.520000
25826400.0 0.000000 0.350000
25830000.0 0.000000 0.260000
25833600.0 0.000000 0.220000
25837200.0 0.000000 0.180000
25840800.0 0.000000 0.160000
25844400.0 0.000000 0.160000
25848000.0 0.000000 0.180000
25851600.0 0.000000 0.280000
25855200.0 0.000000 0.400000
25858800.0 0.017756 0.450000
25862400.0 0.197375 0.500000
25866000.0 0.388260 0.550000
25869600.0 0.537877 0.580000
25873200.0 0.635949 0.600000
25876800.0 0.679665 0.580000
25880400.0 0.668973 0.550000
25884000.0 0.605086 0.520000
25887600.0 0.490343 0.550000
25891200.0 0.329660 0.680000
25894800.0 0.137321 0.880000
25898400.0 0.000977 1.000000
25902000.0 0.000000 0.950000
25905600.0 0.000000 0.750000
25909200.0 0.000000 0.520000
25912800.0 0.000000 0.350000
25916400.0 0.000000 0.260000
25920000.0 0.000000 0.220000
25923600.0 0.000000 0.180000
25927200.0 0.000000 0.160000
25930800.0 0.000000 0.160000
25934400.0 0.000000 0.180000
25938000.0 0.000000 0.280000
25941600.0 0.000000 0.400000
25945200.0 0.017485 0.450000
25948800.0 0.197201 0.500000
25952400.0 0.388165 0.550000
25956000.0 0.537734 0.580000
25959600.0 0.635719 0.600000
25963200.0 0.679345 0.580000
25966800.0 0.668575 0.550000
25970400.0 0.604619 0.520000
25974000.0 0.489808 0.550000
25977600.0 0.329026 0.680000
25981200.0 0.136515 0.880000
25984800.0 0.000873 1.000000
25988400.0 0.000000 0.950000
25992000.0 0.000000 0.750000
25995600.0 0.000000 0.520000
25999200.0 0.000000 0.350000
26002800.0 0.000000 0.260000
26006400.0 0.000000 0.220000
26010000.0 0.000000 0.180000
26013600.0 0.000000 0.160000
26017200.0 0.000000 0.160000
26020800.0 0.000000 0.180000
26024400.0 0.000000 0.280000
26028000.0 0.000000 0.400000
26031600.0 0.017196 0.450000
26035200.0 0.196984 0.500000
26038800.0 0.388027 0.550000
26042400.0 0.537553 0.580000
26046000.0 0.635459 0.600000
26049600.0 0.679007 0.580000
26053200.0 0.668170 0.550000
26056800.0 0.604160 0.520000
26060400.0 0.489294 0.550000
26064000.0 0.328426 0.680000
26067600.0 0.135751 0.880000
26071200.0 0.000781 1.000000
26074800.0 0.000000 0.950000
26078400.0 0.000000 0.750000
26082000.0 0.000000 0.520000
26085600.0 0.000000 0.350000
26089200.0 0.000000 0.260000
26092800.0 0.000000 0.220000
26096400.0 0.000000 0.180000
26100000.0 0.000000 0.160000
26103600.0 0.000000 0.160000
26107200.0 0.000000 0.180000
26110800.0 0.000000 0.280000
26114400.0 0.000000 0.400000
26118000.0 0.016889 0.450000
26121600.0 0.196723 0.500000
26125200.0 0.387846 0.550000
26128800.0 0.537335 0.580000
26132400.0 0.635172 0.600000
26136000.0 0.678652 0.580000
26139600.0 0.667760 0.550000
26143200.0 0.603708 0.520000
26146800.0 0.488803 0.550000
26150400.0 0.327862 0.680000
26154000.0 0.135032 0.880000
26157600.0 0.000699 1.000000
26161200.0 0.000000 0.950000
26164800.0 0.000000 0.750000
26168400.0 0.000000 0.520000
26172000.0 0.000000 0.350000
26175600.0 0.000000 0.260000
26179200.0 0.000000 0.220000
26182800.0 0.000000 0.180000
26186400.0 0.000000 0.160000
26190000.0 0.000000 0.160000
26193600.0 0.000000 0.180000
26197200.0 0.000000 0.280000
26200800.0 0.000000 0.400000
26204400.0 0.016565 0.450000
26208000.0 0.196420 0.500000
26211600.0 0.387624 0.550000
26215200.0 0.537081 0.580000
26218800.0 0.634857 0.600000
26222400.0 0.678281 0.580000
26226000.0 0.667347 0.550000
26229600.0 0.603267 0.520000
26233200.0 0.488335 0.550000
26236800.0 0.327335 0.680000
26240400.0 0.134358 0.880000
26244000.0 0.000627 1.000000
26247600.0 0.000000 0.950000
26251200.0 0.000000 0.750000
26254800.0 0.000000 0.520000
26258400.0 0.000000 0.350000
26262000.0 0.000000 0.260000
26265600.0 0.000000 0.220000
26269200.0 0.000000 0.180000
26272800.0 0.000000 0.160000
26276400.0 0.000000 0.160000
26280000.0 0.000000 0.180000
26283600.0 0.000000 0.280000
26287200.0 0.000000 0.400000
26290800.0 0.016225 0.450000
26294400.0 0.196074 0.500000
26298000.0 0.387360 0.550000
26301600.0 0.536793 0.580000
26305200.0 0.634517 0.600000
26308800.0 0.677895 0.580000
26312400.0 0.666931 0.550000
26316000.0 0.602837 0.520000
26319600.0 0.487893 0.550000
26323200.0 0.326848 0.680000
26326800.0 0.133731 0.880000
26330400.0 0.000564 1.000000
26334000.0 0.000000 0.950000
26337600.0 0.000000 0.750000
26341200.0 0.000000 0.520000
26344800.0 0.000000 0.350000
26348400.0 0.000000 0.260000
26352000.0 0.000000 0.220000
26355600.0 0.000000 0.180000
26359200.0 0.000000 0.160000
26362800.0 0.000000 0.160000
26366400.0 0.000000 0.180000
26370000.0 0.000000 0.280000
26373600.0 0.000000 0.400000
26377200.0 0.015843 0.450000
26380800.0 0.195139 0.500000
26384400.0 0.385240 0.550000
26388000.0 0.533110 0.580000
26391600.0 0.629362 0.600000
26395200.0 0.671721 0.580000
26398800.0 0.660447 0.550000
26402400.0 0.596858 0.520000
26406000.0 0.483159 0.550000
26409600.0 0.323815 0.680000
26413200.0 0.132304 0.880000
26416800.0 0.000505 1.000000
26420400.0 0.000000 0.950000
26424000.0 0.000000 0.750000
26427600.0 0.000000 0.520000
26431200.0 0.000000 0.350000
26434800.0 0.000000 0.260000
26438400.0 0.000000 0.220000
26442000.0 0.000000 0.180000
26445600.0 0.000000 0.160000
26449200.0 0.000000 0.160000
26452800.0 0.000000 0.180000
26456400.0 0.000000 0.280000
26460000.0 0.000000 0.400000
26463600.0 0.015473 0.450000
26467200.0 0.194719 0.500000
26470800.0 0.384908 0.550000
26474400.0 0.532768 0.580000
26478000.0 0.628988 0.600000
26481600.0 0.671325 0.580000
26485200.0 0.660046 0.550000
26488800.0 0.596469 0.520000
26492400.0 0.482786 0.550000
26496000.0 0.323423 0.680000
26499600.0 0.131786 0.880000
26503200.0 0.000456 1.000000
26506800.0 0.000000 0.950000
26510400.0 0.000000 0.750000
26514000.0 0.000000 0.520000
26517600.0 0.000000 0.350000
26521200.0 0.000000 0.260000
26524800.0 0.000000 0.220000
26528400.0 0.000000 0.180000
26532000.0 0.000000 0.160000
26535600.0 0.000000 0.160000
26539200.0 0.000000 0.180000
26542800.0 0.000000 0.280000
26546400.0 0.000000 0.400000
26550000.0 0.015088 0.450000
26553600.0 0.194258 0.500000
26557200.0 0.384537 0.550000
26560800.0 0.532394 0.580000
26564400.0 0.628593 0.600000
26568000.0 0.670918 0.580000
26571600.0 0.659648 0.550000
26575200.0 0.596096 0.520000
26578800.0 0.482443 0.550000
26582400.0 0.323075 0.680000
26586000.0 0.131317 0.880000
26589600.0 0.000414 1.000000
26593200.0 0.000000 0.950000
26596800.0 0.000000 0.750000
26600400.0 0.000000 0.520000
26604000.0 0.000000 0.350000
26607600.0 0.000000 0.260000
26611200.0 0.000000 0.220000
26614800.0 0.000000 0.180000
26618400.0 0.000000 0.160000
26622000.0 0.000000 0.160000
26625600.0 0.000000 0.180000
26629200.0 0.000000 0.280000
26632800.0 0.000000 0.400000
26636400.0 0.014689 0.450000
26640000.0 0.193757 0.500000
26643600.0 0.384128 0.550000
26647200.0 0.531990 0.580000
26650800.0 0.628176 0.600000
26654400.0 0.670502 0.580000
26658000.0 0.659253 0.550000
26661600.0 0.595740 0.520000
26665200.0 0.482130 0.550000
26668800.0 0.322770 0.680000
26672400.0 0.130900 0.880000
26676000.0 0.000377 1.000000
26679600.0 0.000000 0.950000
26683200.0 0.000000 0.750000
26686800.0 0.000000 0.520000
26690400.0 0.000000 0.350000
26694000.0 0.000000 0.260000
26697600.0 0.000000 0.220000
26701200.0 0.000000 0.180000
26704800.0 0.000000 0.160000
26708400.0 0.000000 0.160000
26712000.0 0.000000 0.180000
26715600.0 0.000000 0.280000
26719200.0 0.000000 0.400000
26722800.0 0.014278 0.450000
26726400.0 0.193215 0.500000
26730000.0 0.383682 0.550000
26733600.0 0.531556 0.580000
26737200.0 0.627741 0.600000
26740800.0 0.670079 0.580000
26744400.0 0.658863 0.550000
26748000.0 0.595402 0.520000
26751600.0 0.481849 0.550000
26755200.0 0.322510 0.680000
26758800.0 0.130535 0.880000
26762400.0 0.000346 1.000000
26766000.0 0.000000 0.950000
26769600.0 0.000000 0.750000
26773200.0 0.000000 0.520000
26776800.0 0.000000 0.350000
26780400.0 0.000000 0.260000
26784000.0 0.000000 0.220000
26787600.0 0.000000 0.180000
26791200.0 0.000000 0.160000
26794800.0 0.000000 0.160000
26798400.0 0.000000 0.180000
26802000.0 0.000000 0.280000
26805600.0 0.000000 0.400000
26809200.0 0.013855 0.450000
26812800.0 0.192634 0.500000
26816400.0 0.383200 0.550000
26820000.0 0.531094 0.580000
26823600.0 0.627288 0.600000
26827200.0 0.669649 0.580000
26830800.0 0.658479 0.550000
26834400.0 0.595083 0.520000
26838000.0 0.481601 0.550000
26841600.0 0.322296 0.680000
26845200.0 0.130223 0.880000
26848800.0 0.000318 1.000000
26852400.0 0.000000 0.950000
26856000.0 0.000000 0.750000
26859600.0 0.000000 0.520000
26863200.0 0.000000 0.350000
26866800.0 0.000000 0.260000
26870400.0 0.000000 0.220000
26874000.0 0.000000 0.180000
26877600.0 0.000000 0.160000
26881200.0 0.000000 0.160000
26884800.0 0.000000 0.180000
26888400.0 0.000000 0.280000
26892000.0 0.000000 0.400000
26895600.0 0.013420 0.450000
26899200.0 0.192015 0.500000
26902800.0 0.382683 0.550000
26906400.0 0.530605 0.580000
26910000.0 0.626818 0.600000
26913600.0 0.669215 0.580000
26917200.0 0.658102 0.550000
26920800.0 0.594786 0.520000
26924400.0 0.481387 0.550000
26928000.0 0.322130 0.680000
26931600.0 0.129966 0.880000
26935200.0 0.000294 1.000000
26938800.0 0.000000 0.950000
26942400.0 0.000000 0.750000
26946000.0 0.000000 0.520000
26949600.0 0.000000 0.350000
26953200.0 0.000000 0.260000
26956800.0 0.000000 0.220000
26960400.0 0.000000 0.180000
26964000.0 0.000000 0.160000
26967600.0 0.000000 0.160000
26971200.0 0.000000 0.180000
26974800.0 0.000000 0.280000
26978400.0 0.000000 0.400000
26982000.0 0.012976 0.450000
26985600.0 0.191358 0.500000
26989200.0 0.382132 0.550000
26992800.0 0.530090 0.580000
26996400.0 0.626333 0.600000
27000000.0 0.668777 0.580000
27003600.0 0.657736 0.550000
27007200.0 0.594510 0.520000
27010800.0 0.481209 0.550000
27014400.0 0.322012 0.680000
27018000.0 0.129765 0.880000
27021600.0 0.000274 1.000000
27025200.0 0.000000 0.950000
27028800.0 0.000000 0.750000
27032400.0 0.000000 0.520000
27036000.0 0.000000 0.350000
27039600.0 0.000000 0.260000
27043200.0 0.000000 0.220000
27046800.0 0.000000 0.180000
27050400.0 0.000000 0.160000
27054000.0 0.000000 0.160000
27057600.0 0.000000 0.180000
27061200.0 0.000000 0.280000
27064800.0 0.000000 0.400000
27068400.0 0.012523 0.450000
27072000.0 0.190664 0.500000
27075600.0 0.381548 0.550000
27079200.0 0.529552 0.580000
27082800.0 0.625834 0.600000
27086400.0 0.668337 0.580000
27090000.0 0.657379 0.550000
27093600.0 0.594258 0.520000
27097200.0 0.481068 0.550000
27100800.0 0.321945 0.680000
27104400.0 0.129620 0.880000
27108000.0 0.000256 1.000000
27111600.0 0.000000 0.950000
27115200.0 0.000000 0.750000
27118800.0 0.000000 0.520000
27122400.0 0.000000 0.350000
27126000.0 0.000000 0.260000
27129600.0 0.000000 0.220000
27133200.0 0.000000 0.180000
27136800.0 0.000000 0.160000
27140400.0 0.000000 0.160000
27144000.0 0.000000 0.180000
27147600.0 0.000000 0.280000
27151200.0 0.000000 0.400000
27154800.0 0.012063 0.450000
27158400.0 0.189933 0.500000
27162000.0 0.380933 0.550000
27165600.0 0.528990 0.580000
27169200.0 0.625323 0.600000
27172800.0 0.667897 0.580000
27176400.0 0.657035 0.550000
27180000.0 0.594032 0.520000
27183600.0 0.480965 0.550000
27187200.0 0.321928 0.680000
27190800.0 0.129532 0.880000
27194400.0 0.000242 1.000000
27198000.0 0.000000 0.950000
27201600.0 0.000000 0.750000
27205200.0 0.000000 0.520000
27208800.0 0.000000 0.350000
27212400.0 0.000000 0.260000
27216000.0 0.000000 0.220000
27219600.0 0.000000 0.180000
27223200.0 0.000000 0.160000
27226800.0 0.000000 0.160000
27230400.0 0.000000 0.180000
27234000.0 0.000000 0.280000
27237600.0 0.000000 0.400000
27241200.0 0.011596 0.450000
27244800.0 0.189168 0.500000
27248400.0 0.380287 0.550000
27252000.0 0.528407 0.580000
27255600.0 0.624801 0.600000
27259200.0 0.667458 0.580000
27262800.0 0.656704 0.550000
27266400.0 0.593831 0.520000
27270000.0 0.480901 0.550000
27273600.0 0.321963 0.680000
27277200.0 0.129504 0.880000
27280800.0 0.000230 1.000000
27284400.0 0.000000 0.950000
27288000.0 0.000000 0.750000
27291600.0 0.000000 0.520000
27295200.0 0.000000 0.350000
27298800.0 0.000000 0.260000
27302400.0 0.000000 0.220000
27306000.0 0.000000 0.180000
27309600.0 0.000000 0.160000
27313200.0 0.000000 0.160000
27316800.0 0.000000 0.180000
27320400.0 0.000000 0.280000
27324000.0 0.000000 0.400000
27327600.0 0.011123 0.450000
27331200.0 0.188368 0.500000
27334800.0 0.379611 0.550000
27338400.0 0.527803 0.580000
27342000.0 0.624270 0.600000
27345600.0 0.667021 0.580000
27349200.0 0.656389 0.550000
27352800.0 0.593659 0.520000
27356400.0 0.480879 0.550000
27360000.0 0.322051 0.680000
27363600.0 0.129535 0.880000
27367200.0 0.000220 1.000000
27370800.0 0.000000 0.950000
27374400.0 0.000000 0.750000
27378000.0 0.000000 0.520000
27381600.0 0.000000 0.350000
27385200.0 0.000000 0.260000
27388800.0 0.000000 0.220000
27392400.0 0.000000 0.180000
27396000.0 0.000000 0.160000
27399600.0 0.000000 0.160000
27403200.0 0.000000 0.180000
27406800.0 0.000000 0.280000
27410400.0 0.000000 0.400000
27414000.0 0.010647 0.450000
27417600.0 0.187533 0.500000
27421200.0 0.378907 0.550000
27424800.0 0.527180 0.580000
27428400.0 0.623731 0.600000
27432000.0 0.666589 0.580000
27435600.0 0.656089 0.550000
27439200.0 0.593515 0.520000
27442800.0 0.480898 0.550000
27446400.0 0.322193 0.680000
27450000.0 0.129627 0.880000
27453600.0 0.000212 1.000000
27457200.0 0.000000 0.950000
27460800.0 0.000000 0.750000
27464400.0 0.000000 0.520000
27468000.0 0.000000 0.350000
27471600.0 0.000000 0.260000
27475200.0 0.000000 0.220000
27478800.0 0.000000 0.180000
27482400.0 0.000000 0.160000
27486000.0 0.000000 0.160000
27489600.0 0.000000 0.180000
27493200.0 0.000000 0.280000
27496800.0 0.000000 0.400000
27500400.0 0.010167 0.450000
27504000.0 0.186666 0.500000
27507600.0 0.378175 0.550000
27511200.0 0.526539 0.580000
27514800.0 0.623185 0.600000
27518400.0 0.666161 0.580000
27522000.0 0.655808 0.550000
27525600.0 0.593403 0.520000
27529200.0 0.480960 0.550000
27532800.0 0.322392 0.680000
27536400.0 0.129782 0.880000
27540000.0 0.000206 1.000000
27543600.0 0.000000 0.950000
27547200.0 0.000000 0.750000
27550800.0 0.000000 0.520000
27554400.0 0.000000 0.350000
27558000.0 0.000000 0.260000
27561600.0 0.000000 0.220000
27565200.0 0.000000 0.180000
27568800.0 0.000000 0.160000
27572400.0 0.000000 0.160000
27576000.0 0.000000 0.180000
27579600.0 0.000000 0.280000
27583200.0 0.000000 0.400000
27586800.0 0.009686 0.450000
27590400.0 0.185766 0.500000
27594000.0 0.377417 0.550000
27597600.0 0.525881 0.580000
27601200.0 0.622633 0.600000
27604800.0 0.665741 0.580000
27608400.0 0.655546 0.550000
27612000.0 0.593321 0.520000
27615600.0 0.481067 0.550000
27619200.0 0.322646 0.680000
27622800.0 0.130000 0.880000
27626400.0 0.000203 1.000000
27630000.0 0.000000 0.950000
27633600.0 0.000000 0.750000
27637200.0 0.000000 0.520000
27640800.0 0.000000 0.350000
27644400.0 0.000000 0.260000
27648000.0 0.000000 0.220000
27651600.0 0.000000 0.180000
27655200.0 0.000000 0.160000
27658800.0 0.000000 0.160000
27662400.0 0.000000 0.180000
27666000.0 0.000000 0.280000
27669600.0 0.000000 0.400000
27673200.0 0.009174 0.450000
27676800.0 0.184662 0.500000
27680400.0 0.376434 0.550000
27684000.0 0.525007 0.580000
27687600.0 0.621880 0.600000
27691200.0 0.665132 0.580000
27694800.0 0.655109 0.550000
27698400.0 0.593078 0.520000
27702000.0 0.481024 0.550000
27705600.0 0.322769 0.680000
27709200.0 0.130131 0.880000
27712800.0 0.000199 1.000000
27716400.0 0.000000 0.950000
27720000.0 0.000000 0.750000
27723600.0 0.000000 0.520000
27727200.0 0.000000 0.350000
27730800.0 0.000000 0.260000
27734400.0 0.000000 0.220000
27738000.0 0.000000 0.180000
27741600.0 0.000000 0.160000
27745200.0 0.000000 0.160000
27748800.0 0.000000 0.180000
27752400.0 0.000000 0.280000
27756000.0 0.000000 0.400000
27759600.0 0.008665 0.450000
27763200.0 0.183525 0.500000
27766800.0 0.375426 0.550000
27770400.0 0.524117 0.580000
27774000.0 0.621122 0.600000
27777600.0 0.664532 0.580000
27781200.0 0.654693 0.550000
27784800.0 0.592868 0.520000
27788400.0 0.481026 0.550000
27792000.0 0.322949 0.680000
27795600.0 0.130326 0.880000
27799200.0 0.000198 1.000000
27802800.0 0.000000 0.950000
27806400.0 0.000000 0.750000
27810000.0 0.000000 0.520000
27813600.0 0.000000 0.350000
27817200.0 0.000000 0.260000
27820800.0 0.000000 0.220000
27824400.0 0.000000 0.180000
27828000.0 0.000000 0.160000
27831600.0 0.000000 0.160000
27835200.0 0.000000 0.180000
27838800.0 0.000000 0.280000
27842400.0 0.000000 0.400000
27846000.0 0.008160 0.450000
27849600.0 0.182357 0.500000
27853200.0 0.374393 0.550000
27856800.0 0.523213 0.580000
27860400.0 0.620362 0.600000
27864000.0 0.663942 0.580000
27867600.0 0.654299 0.550000
27871200.0 0.592692 0.520000
27874800.0 0.481075 0.550000
27878400.0 0.323186 0.680000
27882000.0 0.130585 0.880000
27885600.0 0.000199 1.000000
27889200.0 0.000000 0.950000
27892800.0 0.000000 0.750000
27896400.0 0.000000 0.520000
27900000.0 0.000000 0.350000
27903600.0 0.000000 0.260000
27907200.0 0.000000 0.220000
27910800.0 0.000000 0.180000
27914400.0 0.000000 0.160000
27918000.0 0.000000 0.160000
27921600.0 0.000000 0.180000
27925200.0 0.000000 0.280000
27928800.0 0.000000 0.400000
27932400.0 0.007662 0.450000
27936000.0 0.181159 0.500000
27939600.0 0.373336 0.550000
27943200.0 0.522296 0.580000
27946800.0 0.619601 0.600000
27950400.0 0.663363 0.580000
27954000.0 0.653929 0.550000
27957600.0 0.592552 0.520000
27961200.0 0.481171 0.550000
27964800.0 0.323482 0.680000
27968400.0 0.130909 0.880000
27972000.0 0.000201 1.000000
27975600.0 0.000000 0.950000
27979200.0 0.000000 0.750000
27982800.0 0.000000 0.520000
27986400.0 0.000000 0.350000
27990000.0 0.000000 0.260000
27993600.0 0.000000 0.220000
27997200.0 0.000000 0.180000
28000800.0 0.000000 0.160000
28004400.0 0.000000 0.160000
28008000.0 0.000000 0.180000
28011600.0 0.000000 0.280000
28015200.0 0.000000 0.400000
28018800.0 0.007170 0.450000
28022400.0 0.179932 0.500000
28026000.0 0.372258 0.550000
28029600.0 0.521368 0.580000
28033200.0 0.618840 0.600000
28036800.0 0.662796 0.580000
28040400.0 0.653584 0.550000
28044000.0 0.592448 0.520000
28047600.0 0.481316 0.550000
28051200.0 0.323838 0.680000
28054800.0 0.131299 0.880000
28058400.0 0.000205 1.000000
28062000.0 0.000000 0.950000
28065600.0 0.000000 0.750000
28069200.0 0.000000 0.520000
28072800.0 0.000000 0.350000
28076400.0 0.000000 0.260000
28080000.0 0.000000 0.220000
28083600.0 0.000000 0.180000
28087200.0 0.000000 0.160000
28090800.0 0.000000 0.160000
28094400.0 0.000000 0.180000
28098000.0 0.000000 0.280000
28101600.0 0.000000 0.400000
28105200.0 0.006688 0.450000
28108800.0 0.178678 0.500000
28112400.0 0.371159 0.550000
28116000.0 0.520431 0.580000
28119600.0 0.618081 0.600000
28123200.0 0.662244 0.580000
28126800.0 0.653264 0.550000
28130400.0 0.592383 0.520000
28134000.0 0.481510 0.550000
28137600.0 0.324255 0.680000
28141200.0 0.131755 0.880000
28144800.0 0.000211 1.000000
28148400.0 0.000000 0.950000
28152000.0 0.000000 0.750000
28155600.0 0.000000 0.520000
28159200.0 0.000000 0.350000
28162800.0 0.000000 0.260000
28166400.0 0.000000 0.220000
28170000.0 0.000000 0.180000
28173600.0 0.000000 0.160000
28177200.0 0.000000 0.160000
28180800.0 0.000000 0.180000
28184400.0 0.000000 0.280000
28188000.0 0.000000 0.400000
28191600.0 0.006217 0.450000
28195200.0 0.177398 0.500000
28198800.0 0.370041 0.550000
28202400.0 0.519485 0.580000
28206000.0 0.617326 0.600000
28209600.0 0.661708 0.580000
28213200.0 0.652973 0.550000
28216800.0 0.592357 0.520000
28220400.0 0.481755 0.550000
28224000.0 0.324732 0.680000
28227600.0 0.132278 0.880000
28231200.0 0.000220 1.000000
28234800.0 0.000000 0.950000
28238400.0 0.000000 0.750000
28242000.0 0.000000 0.520000
28245600.0 0.000000 0.350000
28249200.0 0.000000 0.260000
28252800.0 0.000000 0.220000
28256400.0 0.000000 0.180000
28260000.0 0.000000 0.160000
28263600.0 0.000000 0.160000
28267200.0 0.000000 0.180000
28270800.0 0.000000 0.280000
28274400.0 0.000000 0.400000
28278000.0 0.005757 0.450000
28281600.0 0.176092 0.500000
28285200.0 0.368906 0.550000
28288800.0 0.518532 0.580000
28292400.0 0.616576 0.600000
28296000.0 0.661188 0.580000
28299600.0 0.652710 0.550000
28303200.0 0.592371 0.520000
28306800.0 0.482050 0.550000
28310400.0 0.325270 0.680000
28314000.0 0.132869 0.880000
28317600.0 0.000230 1.000000
28321200.0 0.000000 0.950000
28324800.0 0.000000 0.750000
28328400.0 0.000000 0.520000
28332000.0 0.000000 0.350000
28335600.0 0.000000 0.260000
28339200.0 0.000000 0.220000
28342800.0 0.000000 0.180000
28346400.0 0.000000 0.160000
28350000.0 0.000000 0.160000
28353600.0 0.000000 0.180000
28357200.0 0.000000 0.280000
28360800.0 0.000000 0.400000
28364400.0 0.005311 0.450000
28368000.0 0.174764 0.500000
28371600.0 0.367755 0.550000
28375200.0 0.517574 0.580000
28378800.0 0.615833 0.600000
28382400.0 0.660687 0.580000
28386000.0 0.652477 0.550000
28389600.0 0.592425 0.520000
28393200.0 0.482397 0.550000
28396800.0 0.325870 0.680000
28400400.0 0.133527 0.880000
28404000.0 0.000244 1.000000
28407600.0 0.000000 0.950000
28411200.0 0.000000 0.750000
28414800.0 0.000000 0.520000
28418400.0 0.000000 0.350000
28422000.0 0.000000 0.260000
28425600.0 0.000000 0.220000
28429200.0 0.000000 0.180000
28432800.0 0.000000 0.160000
28436400.0 0.000000 0.160000
28440000.0 0.000000 0.180000
28443600.0 0.000000 0.280000
28447200.0 0.000000 0.400000
28450800.0 0.004879 0.450000
28454400.0 0.173415 0.500000
28458000.0 0.366590 0.550000
28461600.0 0.516614 0.580000
28465200.0 0.615098 0.600000
28468800.0 0.660206 0.580000
28472400.0 0.652275 0.550000
28476000.0 0.592522 0.520000
28479600.0 0.482796 0.550000
28483200.0 0.326532 0.680000
28486800.0 0.134253 0.880000
28490400.0 0.000260 1.000000
28494000.0 0.000000 0.950000
28497600.0 0.000000 0.750000
28501200.0 0.000000 0.520000
28504800.0 0.000000 0.350000
28508400.0 0.000000 0.260000
28512000.0 0.000000 0.220000
28515600.0 0.000000 0.180000
28519200.0 0.000000 0.160000
28522800.0 0.000000 0.160000
28526400.0 0.000000 0.180000
28530000.0 0.000000 0.280000
28533600.0 0.000000 0.400000
28537200.0 0.004464 0.450000
28540800.0 0.172045 0.500000
28544400.0 0.365413 0.550000
28548000.0 0.515652 0.580000
28551600.0 0.614374 0.600000
28555200.0 0.659746 0.580000
28558800.0 0.652105 0.550000
28562400.0 0.592661 0.520000
28566000.0 0.483248 0.550000
28569600.0 0.327256 0.680000
28573200.0 0.135047 0.880000
28576800.0 0.000279 1.000000
28580400.0 0.000000 0.950000
28584000.0 0.000000 0.750000
28587600.0 0.000000 0.520000
28591200.0 0.000000 0.350000
28594800.0 0.000000 0.260000
28598400.0 0.000000 0.220000
28602000.0 0.000000 0.180000
28605600.0 0.000000 0.160000
28609200.0 0.000000 0.160000
28612800.0 0.000000 0.180000
28616400.0 0.000000 0.280000
28620000.0 0.000000 0.400000
28623600.0 0.004066 0.450000
28627200.0 0.170658 0.500000
28630800.0 0.364226 0.550000
28634400.0 0.514690 0.580000
28638000.0 0.613660 0.600000
28641600.0 0.659309 0.580000
28645200.0 0.651969 0.550000
28648800.0 0.592844 0.520000
28652400.0 0.483752 0.550000
28656000.0 0.328041 0.680000
28659600.0 0.135909 0.880000
28663200.0 0.000302 1.000000
28666800.0 0.000000 0.950000
28670400.0 0.000000 0.750000
28674000.0 0.000000 0.520000
28677600.0 0.000000 0.350000
28681200.0 0.000000 0.260000
28684800.0 0.000000 0.220000
28688400.0 0.000000 0.180000
28692000.0 0.000000 0.160000
28695600.0 0.000000 0.160000
28699200.0 0.000000 0.180000
28702800.0 0.000000 0.280000
28706400.0 0.000000 0.400000
28710000.0 0.003686 0.450000
28713600.0 0.169255 0.500000
28717200.0 0.363030 0.550000
28720800.0 0.513730 0.580000
28724400.0 0.612960 0.600000
28728000.0 0.658895 0.580000
28731600.0 0.651867 0.550000
28735200.0 0.593071 0.520000
28738800.0 0.484310 0.550000
28742400.0 0.328889 0.680000
28746000.0 0.136839 0.880000
28749600.0 0.000329 1.000000
28753200.0 0.000000 0.950000
28756800.0 0.000000 0.750000
28760400.0 0.000000 0.520000
28764000.0 0.000000 0.350000
28767600.0 0.000000 0.260000
28771200.0 0.000000 0.220000
28774800.0 0.000000 0.180000
28778400.0 0.000000 0.160000
28782000.0 0.000000 0.160000
28785600.0 0.000000 0.180000
28789200.0 0.000000 0.280000
28792800.0 0.000000 0.400000
28796400.0 0.003325 0.450000
28800000.0 0.167838 0.500000
28803600.0 0.361828 0.550000
28807200.0 0.512774 0.580000
28810800.0 0.612275 0.600000
28814400.0 0.658508 0.580000
28818000.0 0.651800 0.550000
28821600.0 0.593343 0.520000
28825200.0 0.484922 0.550000
28828800.0 0.329799 0.680000
28832400.0 0.137837 0.880000
28836000.0 0.000361 1.000000
28839600.0 0.000000 0.950000
28843200.0 0.000000 0.750000
28846800.0 0.000000 0.520000
28850400.0 0.000000 0.350000
28854000.0 0.000000 0.260000
28857600.0 0.000000 0.220000
28861200.0 0.000000 0.180000
28864800.0 0.000000 0.160000
28868400.0 0.000000 0.160000
28872000.0 0.000000 0.180000
28875600.0 0.000000 0.280000
28879200.0 0.000000 0.400000
28882800.0 0.002985 0.450000
28886400.0 0.166408 0.500000
28890000.0 0.360621 0.550000
28893600.0 0.511824 0.580000
28897200.0 0.611606 0.600000
28900800.0 0.658146 0.580000
28904400.0 0.651770 0.550000
28908000.0 0.593659 0.520000
28911600.0 0.485587 0.550000
28915200.0 0.330770 0.680000
28918800.0 0.138902 0.880000
28922400.0 0.000398 1.000000
28926000.0 0.000000 0.950000
28929600.0 0.000000 0.750000
28933200.0 0.000000 0.520000
28936800.0 0.000000 0.350000
28940400.0 0.000000 0.260000
28944000.0 0.000000 0.220000
28947600.0 0.000000 0.180000
28951200.0 0.000000 0.160000
28954800.0 0.000000 0.160000
28958400.0 0.000000 0.180000
28962000.0 0.000000 0.280000
28965600.0 0.000000 0.400000
28969200.0 0.002630 0.450000
28972800.0 0.162859 0.500000
28976400.0 0.354908 0.550000
28980000.0 0.504603 0.580000
28983600.0 0.603565 0.600000
28987200.0 0.649941 0.580000
28990800.0 0.644007 0.550000
28994400.0 0.586918 0.520000
28998000.0 0.480431 0.550000
29001600.0 0.327731 0.680000
29005200.0 0.138283 0.880000
29008800.0 0.000435 1.000000
29012400.0 0.000000 0.950000
29016000.0 0.000000 0.750000
29019600.0 0.000000 0.520000
29023200.0 0.000000 0.350000
29026800.0 0.000000 0.260000
29030400.0 0.000000 0.220000
29034000.0 0.000000 0.180000
29037600.0 0.000000 0.160000
29041200.0 0.000000 0.160000
29044800.0 0.000000 0.180000
29048400.0 0.000000 0.280000
29052000.0 0.000000 0.400000
29055600.0 0.002335 0.450000
29059200.0 0.161431 0.500000
29062800.0 0.353713 0.550000
29066400.0 0.503681 0.580000
29070000.0 0.602941 0.600000
29073600.0 0.649640 0.580000
29077200.0 0.644052 0.550000
29080800.0 0.587322 0.520000
29084400.0 0.481194 0.550000
29088000.0 0.328811 0.680000
29091600.0 0.139466 0.880000
29095200.0 0.000485 1.000000
29098800.0 0.000000 0.950000
29102400.0 0.000000 0.750000
29106000.0 0.000000 0.520000
29109600.0 0.000000 0.350000
29113200.0 0.000000 0.260000
29116800.0 0.000000 0.220000
29120400.0 0.000000 0.180000
29124000.0 0.000000 0.160000
29127600.0 0.000000 0.160000
29131200.0 0.000000 0.180000
29134800.0 0.000000 0.280000
29138400.0 0.000000 0.400000
29142000.0 0.002061 0.450000
29145600.0 0.159997 0.500000
29149200.0 0.352520 0.550000
29152800.0 0.502770 0.580000
29156400.0 0.602337 0.600000
29160000.0 0.649369 0.580000
29163600.0 0.644135 0.550000
29167200.0 0.587773 0.520000
29170800.0 0.482011 0.550000
29174400.0 0.329951 0.680000
29178000.0 0.140715 0.880000
29181600.0 0.000542 1.000000
29185200.0 0.000000 0.950000
29188800.0 0.000000 0.750000
29192400.0 0.000000 0.520000
29196000.0 0.000000 0.350000
29199600.0 0.000000 0.260000
29203200.0 0.000000 0.220000
29206800.0 0.000000 0.180000
29210400.0 0.000000 0.160000
29214000.0 0.000000 0.160000
29217600.0 0.000000 0.180000
29221200.0 0.000000 0.280000
29224800.0 0.000000 0.400000
29228400.0 0.001808 0.450000
29232000.0 0.158559 0.500000
29235600.0 0.351331 0.550000
29239200.0 0.501872 0.580000
29242800.0 0.601756 0.600000
29246400.0 0.649130 0.580000
29250000.0 0.644257 0.550000
29253600.0 0.588270 0.520000
29257200.0 0.482880 0.550000
29260800.0 0.331149 0.680000
29264400.0 0.142028 0.880000
29268000.0 0.000609 1.000000
29271600.0 0.000000 0.950000
29275200.0 0.000000 0.750000
29278800.0 0.000000 0.520000
29282400.0 0.000000 0.350000
29286000.0 0.000000 0.260000
29289600.0 0.000000 0.220000
29293200.0 0.000000 0.180000
29296800.0 0.000000 0.160000
29300400.0 0.000000 0.160000
29304000.0 0.000000 0.180000
29307600.0 0.000000 0.280000
29311200.0 0.000000 0.400000
29314800.0 0.001576 0.450000
29318400.0 0.157120 0.500000
29322000.0 0.350147 0.550000
29325600.0 0.500989 0.580000
29329200.0 0.601199 0.600000
29332800.0 0.648923 0.580000
29336400.0 0.644419 0.550000
29340000.0 0.588813 0.520000
29343600.0 0.483802 0.550000
29347200.0 0.332405 0.680000
29350800.0 0.143404 0.880000
29354400.0 0.000685 1.000000
29358000.0 0.000000 0.950000
29361600.0 0.000000 0.750000
29365200.0 0.000000 0.520000
29368800.0 0.000000 0.350000
29372400.0 0.000000 0.260000
29376000.0 0.000000 0.220000
29379600.0 0.000000 0.180000
29383200.0 0.000000 0.160000
29386800.0 0.000000 0.160000
29390400.0 0.000000 0.180000
29394000.0 0.000000 0.280000
29397600.0 0.000000 0.400000
29401200.0 0.001365 0.450000
29404800.0 0.155682 0.500000
29408400.0 0.348971 0.550000
29412000.0 0.500123 0.580000
29415600.0 0.600668 0.600000
29419200.0 0.648749 0.580000
29422800.0 0.644622 0.550000
29426400.0 0.589403 0.520000
29430000.0 0.484776 0.550000
29433600.0 0.333719 0.680000
29437200.0 0.144843 0.880000
29440800.0 0.000773 1.000000
29444400.0 0.000000 0.950000
29448000.0 0.000000 0.750000
29451600.0 0.000000 0.520000
29455200.0 0.000000 0.350000
29458800.0 0.000000 0.260000
29462400.0 0.000000 0.220000
29466000.0 0.000000 0.180000
29469600.0 0.000000 0.160000
29473200.0 0.000000 0.160000
29476800.0 0.000000 0.180000
29480400.0 0.000000 0.280000
29484000.0 0.000000 0.400000
29487600.0 0.001174 0.450000
29491200.0 0.154248 0.500000
29494800.0 0.347805 0.550000
29498400.0 0.499275 0.580000
29502000.0 0.600163 0.600000
29505600.0 0.648610 0.580000
29509200.0 0.644865 0.550000
29512800.0 0.590040 0.520000
29516400.0 0.485801 0.550000
29520000.0 0.335089 0.680000
29523600.0 0.146344 0.880000
29527200.0 0.000874 1.000000
29530800.0 0.000000 0.950000
29534400.0 0.000000 0.750000
29538000.0 0.000000 0.520000
29541600.0 0.000000 0.350000
29545200.0 0.000000 0.260000
29548800.0 0.000000 0.220000
29552400.0 0.000000 0.180000
29556000.0 0.000000 0.160000
29559600.0 0.000000 0.160000
29563200.0 0.000000 0.180000
29566800.0 0.000000 0.280000
29570400.0 0.000000 0.400000
29574000.0 0.001002 0.450000
29577600.0 0.152819 0.500000
29581200.0 0.346652 0.550000
29584800.0 0.498448 0.580000
29588400.0 0.599686 0.600000
29592000.0 0.648506 0.580000
29595600.0 0.645151 0.550000
29599200.0 0.590724 0.520000
29602800.0 0.486879 0.550000
29606400.0 0.336515 0.680000
29610000.0 0.147905 0.880000
29613600.0 0.000989 1.000000
29617200.0 0.000000 0.950000
29620800.0 0.000000 0.750000
29624400.0 0.000000 0.520000
29628000.0 0.000000 0.350000
29631600.0 0.000000 0.260000
29635200.0 0.000000 0.220000
29638800.0 0.000000 0.180000
29642400.0 0.000000 0.160000
29646000.0 0.000000 0.160000
29649600.0 0.000000 0.180000
29653200.0 0.000000 0.280000
29656800.0 0.000000 0.400000
29660400.0 0.000849 0.450000
29664000.0 0.151398 0.500000
29667600.0 0.345512 0.550000
29671200.0 0.497642 0.580000
29674800.0 0.599239 0.600000
29678400.0 0.648438 0.580000
29682000.0 0.645478 0.550000
29685600.0 0.591455 0.520000
29689200.0 0.488007 0.550000
29692800.0 0.337996 0.680000
29696400.0 0.149526 0.880000
29700000.0 0.001121 1.000000
29703600.0 0.000000 0.950000
29707200.0 0.000000 0.750000
29710800.0 0.000000 0.520000
29714400.0 0.000000 0.350000
29718000.0 0.000000 0.260000
29721600.0 0.000000 0.220000
29725200.0 0.000000 0.180000
29728800.0 0.000000 0.160000
29732400.0 0.000000 0.160000
29736000.0 0.000000 0.180000
29739600.0 0.000000 0.280000
29743200.0 0.000000 0.400000
29746800.0 0.000714 0.450000
29750400.0 0.149985 0.500000
29754000.0 0.344388 0.550000
29757600.0 0.496860 0.580000
29761200.0 0.598822 0.600000
29764800.0 0.648408 0.580000
29768400.0 0.645849 0.550000
29772000.0 0.592233 0.520000
29775600.0 0.489186 0.550000
29779200.0 0.339531 0.680000
29782800.0 0.151206 0.880000
29786400.0 0.001271 1.000000
29790000.0 0.000000 0.950000
29793600.0 0.000000 0.750000
29797200.0 0.000000 0.520000
29800800.0 0.000000 0.350000
29804400.0 0.000000 0.260000
29808000.0 0.000000 0.220000
29811600.0 0.000000 0.180000
29815200.0 0.000000 0.160000
29818800.0 0.000000 0.160000
29822400.0 0.000000 0.180000
29826000.0 0.000000 0.280000
29829600.0 0.000000 0.400000
29833200.0 0.000595 0.450000
29836800.0 0.148585 0.500000
29840400.0 0.343282 0.550000
29844000.0 0.496103 0.580000
29847600.0 0.598438 0.600000
29851200.0 0.648416 0.580000
29854800.0 0.646262 0.550000
29858400.0 0.593058 0.520000
29862000.0 0.490415 0.550000
29865600.0 0.341119 0.680000
29869200.0 0.152943 0.880000
29872800.0 0.001442 1.000000
29876400.0 0.000000 0.950000
29880000.0 0.000000 0.750000
29883600.0 0.000000 0.520000
29887200.0 0.000000 0.350000
29890800.0 0.000000 0.260000
29894400.0 0.000000 0.220000
29898000.0 0.000000 0.180000
29901600.0 0.000000 0.160000
29905200.0 0.000000 0.160000
29908800.0 0.000000 0.180000
29912400.0 0.000000 0.280000
29916000.0 0.000000 0.400000
29919600.0 0.000492 0.450000
29923200.0 0.147197 0.500000
29926800.0 0.342194 0.550000
29930400.0 0.495372 0.580000
29934000.0 0.598086 0.600000
29937600.0 0.648462 0.580000
29941200.0 0.646719 0.550000
29944800.0 0.593930 0.520000
29948400.0 0.491693 0.550000
29952000.0 0.342758 0.680000
29955600.0 0.154738 0.880000
29959200.0 0.001636 1.000000
29962800.0 0.000000 0.950000
29966400.0 0.000000 0.750000
29970000.0 0.000000 0.520000
29973600.0 0.000000 0.350000
29977200.0 0.000000 0.260000
29980800.0 0.000000 0.220000
29984400.0 0.000000 0.180000
29988000.0 0.000000 0.160000
29991600.0 0.000000 0.160000
29995200.0 0.000000 0.180000
29998800.0 0.000000 0.280000
30002400.0 0.000000 0.400000
30006000.0 0.000403 0.450000
30009600.0 0.145825 0.500000
30013200.0 0.341128 0.550000
30016800.0 0.494668 0.580000
30020400.0 0.597768 0.600000
30024000.0 0.648547 0.580000
30027600.0 0.647219 0.550000
30031200.0 0.594849 0.520000
30034800.0 0.493021 0.550000
30038400.0 0.344450 0.680000
30042000.0 0.156588 0.880000
30045600.0 0.001854 1.000000
30049200.0 0.000000 0.950000
30052800.0 0.000000 0.750000
30056400.0 0.000000 0.520000
30060000.0 0.000000 0.350000
30063600.0 0.000000 0.260000
30067200.0 0.000000 0.220000
30070800.0 0.000000 0.180000
30074400.0 0.000000 0.160000
30078000.0 0.000000 0.160000
30081600.0 0.000000 0.180000
30085200.0 0.000000 0.280000
30088800.0 0.000000 0.400000
30092400.0 0.000326 0.450000
30096000.0 0.144469 0.500000
30099600.0 0.340083 0.550000
30103200.0 0.493993 0.580000
30106800.0 0.597485 0.600000
30110400.0 0.648673 0.580000
30114000.0 0.647762 0.550000
30117600.0 0.595814 0.520000
30121200.0 0.494397 0.550000
30124800.0 0.346191 0.680000
30128400.0 0.158492 0.880000
30132000.0 0.002101 1.000000
30135600.0 0.000000 0.950000
30139200.0 0.000000 0.750000
30142800.0 0.000000 0.520000
30146400.0 0.000000 0.350000
30150000.0 0.000000 0.260000
30153600.0 0.000000 0.220000
30157200.0 0.000000 0.180000
30160800.0 0.000000 0.160000
30164400.0 0.000000 0.160000
30168000.0 0.000000 0.180000
30171600.0 0.000000 0.280000
30175200.0 0.000000 0.400000
30178800.0 0.000262 0.450000
30182400.0 0.143131 0.500000
30186000.0 0.339063 0.550000
30189600.0 0.493348 0.580000
30193200.0 0.597237 0.600000
30196800.0 0.648838 0.580000
30200400.0 0.648350 0.550000
30204000.0 0.596826 0.520000
30207600.0 0.495821 0.550000
30211200.0 0.347981 0.680000
30214800.0 0.160450 0.880000
30218400.0 0.002377 1.000000
30222000.0 0.000000 0.950000
30225600.0 0.000000 0.750000
30229200.0 0.000000 0.520000
30232800.0 0.000000 0.350000
30236400.0 0.000000 0.260000
30240000.0 0.000000 0.220000
30243600.0 0.000000 0.180000
30247200.0 0.000000 0.160000
30250800.0 0.000000 0.160000
30254400.0 0.000000 0.180000
30258000.0 0.000000 0.280000
30261600.0 0.000000 0.400000
30265200.0 0.000204 0.450000
30268800.0 0.141324 0.500000
30272400.0 0.337487 0.550000
30276000.0 0.492153 0.580000
30279600.0 0.596456 0.600000
30283200.0 0.648484 0.580000
30286800.0 0.648425 0.550000
30290400.0 0.597323 0.520000
30294000.0 0.496725 0.550000
30297600.0 0.349255 0.680000
30301200.0 0.161962 0.880000
30304800.0 0.002650 1.000000
30308400.0 0.000000 0.950000
30312000.0 0.000000 0.750000
30315600.0 0.000000 0.520000
30319200.0 0.000000 0.350000
30322800.0 0.000000 0.260000
30326400.0 0.000000 0.220000
30330000.0 0.000000 0.180000
30333600.0 0.000000 0.160000
30337200.0 0.000000 0.160000
30340800.0 0.000000 0.180000
30344400.0 0.000000 0.280000
30348000.0 0.000000 0.400000
30351600.0 0.000153 0.450000
30355200.0 0.139055 0.500000
30358800.0 0.335358 0.550000
30362400.0 0.490407 0.580000
30366000.0 0.595141 0.600000
30369600.0 0.647609 0.580000
30373200.0 0.647985 0.550000
30376800.0 0.597305 0.520000
30380400.0 0.497109 0.550000
30384000.0 0.350010 0.680000
30387600.0 0.163023 0.880000
30391200.0 0.002910 1.000000
30394800.0 0.000000 0.950000
30398400.0 0.000000 0.750000
30402000.0 0.000000 0.520000
30405600.0 0.000000 0.350000
30409200.0 0.000000 0.260000
30412800.0 0.000000 0.220000
30416400.0 0.000000 0.180000
30420000.0 0.000000 0.160000
30423600.0 0.000000 0.160000
30427200.0 0.000000 0.180000
30430800.0 0.000000 0.280000
30434400.0 0.000000 0.400000
30438000.0 0.000113 0.450000
30441600.0 0.136816 0.500000
30445200.0 0.333257 0.550000
30448800.0 0.488694 0.580000
30452400.0 0.593863 0.600000
30456000.0 0.646775 0.580000
30459600.0 0.647589 0.550000
30463200.0 0.597332 0.520000
30466800.0 0.497537 0.550000
30470400.0 0.350808 0.680000
30474000.0 0.164126 0.880000
30477600.0 0.003194 1.000000
30481200.0 0.000000 0.950000
30484800.0 0.000000 0.750000
30488400.0 0.000000 0.520000
30492000.0 0.000000 0.350000
30495600.0 0.000000 0.260000
30499200.0 0.000000 0.220000
30502800.0 0.000000 0.180000
30506400.0 0.000000 0.160000
30510000.0 0.000000 0.160000
30513600.0 0.000000 0.180000
30517200.0 0.000000 0.280000
30520800.0 0.000000 0.400000
30524400.0 0.000082 0.450000
30528000.0 0.134609 0.500000
30531600.0 0.331185 0.550000
30535200.0 0.487015 0.580000
30538800.0 0.592623 0.600000
30542400.0 0.645983 0.580000
30546000.0 0.647236 0.550000
30549600.0 0.597404 0.520000
30553200.0 0.498010 0.550000
30556800.0 0.351650 0.680000
30560400.0 0.165270 0.880000
30564000.0 0.003502 1.000000
30567600.0 0.000000 0.950000
30571200.0 0.000000 0.750000
30574800.0 0.000000 0.520000
30578400.0 0.000000 0.350000
30582000.0 0.000000 0.260000
30585600.0 0.000000 0.220000
30589200.0 0.000000 0.180000
30592800.0 0.000000 0.160000
30596400.0 0.000000 0.160000
30600000.0 0.000000 0.180000
30603600.0 0.000000 0.280000
30607200.0 0.000000 0.400000
30610800.0 0.000058 0.450000
30614400.0 0.132437 0.500000
30618000.0 0.329145 0.550000
30621600.0 0.485371 0.580000
30625200.0 0.591422 0.600000
30628800.0 0.645232 0.580000
30632400.0 0.646927 0.550000
30636000.0 0.597519 0.520000
30639600.0 0.498526 0.550000
30643200.0 0.352533 0.680000
30646800.0 0.166455 0.880000
30650400.0 0.003837 1.000000
30654000.0 0.000000 0.950000
30657600.0 0.000000 0.750000
30661200.0 0.000000 0.520000
30664800.0 0.000000 0.350000
30668400.0 0.000000 0.260000
30672000.0 0.000000 0.220000
30675600.0 0.000000 0.180000
30679200.0 0.000000 0.160000
30682800.0 0.000000 0.160000
30686400.0 0.000000 0.180000
30690000.0 0.000000 0.280000
30693600.0 0.000000 0.400000
30697200.0 0.000041 0.450000
30700800.0 0.130301 0.500000
30704400.0 0.327138 0.550000
30708000.0 0.483763 0.580000
30711600.0 0.590261 0.600000
30715200.0 0.644523 0.580000
30718800.0 0.646661 0.550000
30722400.0 0.597678 0.520000
30726000.0 0.499085 0.550000
30729600.0 0.353457 0.680000
30733200.0 0.167677 0.880000
30736800.0 0.004199 1.000000
30740400.0 0.000000 0.950000
30744000.0 0.000000 0.750000
30747600.0 0.000000 0.520000
30751200.0 0.000000 0.350000
30754800.0 0.000000 0.260000
30758400.0 0.000000 0.220000
30762000.0 0.000000 0.180000
30765600.0 0.000000 0.160000
30769200.0 0.000000 0.160000
30772800.0 0.000000 0.180000
30776400.0 0.000000 0.280000
30780000.0 0.000000 0.400000
30783600.0 0.000028 0.450000
30787200.0 0.128203 0.500000
30790800.0 0.325167 0.550000
30794400.0 0.482193 0.580000
30798000.0 0.589140 0.600000
30801600.0 0.643857 0.580000
30805200.0 0.646439 0.550000
30808800.0 0.597880 0.520000
30812400.0 0.499685 0.550000
30816000.0 0.354421 0.680000
30819600.0 0.168937 0.880000
30823200.0 0.004589 1.000000
30826800.0 0.000000 0.950000
30830400.0 0.000000 0.750000
30834000.0 0.000000 0.520000
30837600.0 0.000000 0.350000
30841200.0 0.000000 0.260000
30844800.0 0.000000 0.220000
30848400.0 0.000000 0.180000
30852000.0 0.000000 0.160000
30855600.0 0.000000 0.160000
30859200.0 0.000000 0.180000
30862800.0 0.000000 0.280000
30866400.0 0.000000 0.400000
30870000.0 0.000018 0.450000
30873600.0 0.126146 0.500000
30877200.0 0.323232 0.550000
30880800.0 0.480662 0.580000
30884400.0 0.588061 0.600000
30888000.0 0.643235 0.580000
30891600.0 0.646260 0.550000
30895200.0 0.598124 0.520000
30898800.0 0.500325 0.550000
30902400.0 0.355422 0.680000
30906000.0 0.170231 0.880000
30909600.0 0.005008 1.000000
30913200.0 0.000000 0.950000
30916800.0 0.000000 0.750000
30920400.0 0.000000 0.520000
30924000.0 0.000000 0.350000
30927600.0 0.000000 0.260000
30931200.0 0.000000 0.220000
30934800.0 0.000000 0.180000
30938400.0 0.000000 0.160000
30942000.0 0.000000 0.160000
30945600.0 0.000000 0.180000
30949200.0 0.000000 0.280000
30952800.0 0.000000 0.400000
30956400.0 0.000011 0.450000
30960000.0 0.124131 0.500000
30963600.0 0.321335 0.550000
30967200.0 0.479171 0.580000
30970800.0 0.587024 0.600000
30974400.0 0.642655 0.580000
30978000.0 0.646124 0.550000
30981600.0 0.598410 0.520000
30985200.0 0.501005 0.550000
30988800.0 0.356460 0.680000
30992400.0 0.171558 0.880000
30996000.0 0.005457 1.000000
30999600.0 0.000000 0.950000
31003200.0 0.000000 0.750000
31006800.0 0.000000 0.520000
31010400.0 0.000000 0.350000
31014000.0 0.000000 0.260000
31017600.0 0.000000 0.220000
31021200.0 0.000000 0.180000
31024800.0 0.000000 0.160000
31028400.0 0.000000 0.160000
31032000.0 0.000000 0.180000
31035600.0 0.000000 0.280000
31039200.0 0.000000 0.400000
31042800.0 0.000007 0.450000
31046400.0 0.122160 0.500000
31050000.0 0.319479 0.550000
31053600.0 0.477722 0.580000
31057200.0 0.586030 0.600000
31060800.0 0.642119 0.580000
31064400.0 0.646032 0.550000
31068000.0 0.598738 0.520000
31071600.0 0.501724 0.550000
31075200.0 0.357532 0.680000
31078800.0 0.172916 0.880000
31082400.0 0.005937 1.000000
31086000.0 0.000000 0.950000
31089600.0 0.000000 0.750000
31093200.0 0.000000 0.520000
31096800.0 0.000000 0.350000
31100400.0 0.000000 0.260000
31104000.0 0.000000 0.220000
31107600.0 0.000000 0.180000
31111200.0 0.000000 0.160000
31114800.0 0.000000 0.160000
31118400.0 0.000000 0.180000
31122000.0 0.000000 0.280000
31125600.0 0.000000 0.400000
31129200.0 0.000003 0.450000
31132800.0 0.120235 0.500000
31136400.0 0.317665 0.550000
31140000.0 0.476316 0.580000
31143600.0 0.585080 0.600000
31147200.0 0.641627 0.580000
31150800.0 0.645982 0.550000
31154400.0 0.599106 0.520000
31158000.0 0.502479 0.550000
31161600.0 0.358638 0.680000
31165200.0 0.174304 0.880000
31168800.0 0.006448 1.000000
31172400.0 0.000000 0.950000
31176000.0 0.000000 0.750000
31179600.0 0.000000 0.520000
31183200.0 0.000000 0.350000
31186800.0 0.000000 0.260000
31190400.0 0.000000 0.220000
31194000.0 0.000000 0.180000
31197600.0 0.000000 0.160000
31201200.0 0.000000 0.160000
31204800.0 0.000000 0.180000
31208400.0 0.000000 0.280000
31212000.0 0.000000 0.400000
31215600.0 0.000001 0.450000
31219200.0 0.118357 0.500000
31222800.0 0.315895 0.550000
31226400.0 0.474954 0.580000
31230000.0 0.584175 0.600000
31233600.0 0.641179 0.580000
31237200.0 0.645974 0.550000
31240800.0 0.599513 0.520000
31244400.0 0.503271 0.550000
31248000.0 0.359775 0.680000
31251600.0 0.175719 0.880000
31255200.0 0.006990 1.000000
31258800.0 0.000000 0.950000
31262400.0 0.000000 0.750000
31266000.0 0.000000 0.520000
31269600.0 0.000000 0.350000
31273200.0 0.000000 0.260000
31276800.0 0.000000 0.220000
31280400.0 0.000000 0.180000
31284000.0 0.000000 0.160000
31287600.0 0.000000 0.160000
31291200.0 0.000000 0.180000
31294800.0 0.000000 0.280000
31298400.0 0.000000 0.400000
31302000.0 0.000000 0.450000
31305600.0 0.116529 0.500000
31309200.0 0.314170 0.550000
31312800.0 0.473636 0.580000
31316400.0 0.583314 0.600000
31320000.0 0.640775 0.580000
31323600.0 0.646008 0.550000
31327200.0 0.599959 0.520000
31330800.0 0.504096 0.550000
31334400.0 0.360942 0.680000
31338000.0 0.177159 0.880000
31341600.0 0.007564 1.000000
31345200.0 0.000000 0.950000
31348800.0 0.000000 0.750000
31352400.0 0.000000 0.520000
31356000.0 0.000000 0.350000
31359600.0 0.000000 0.260000
31363200.0 0.000000 0.220000
31366800.0 0.000000 0.180000
31370400.0 0.000000 0.160000
31374000.0 0.000000 0.160000
31377600.0 0.000000 0.180000
31381200.0 0.000000 0.280000
31384800.0 0.000000 0.400000
31388400.0 0.000000 0.450000
31392000.0 0.114752 0.500000
31395600.0 0.312491 0.550000
31399200.0 0.472365 0.580000
31402800.0 0.582499 0.600000
31406400.0 0.640414 0.580000
31410000.0 0.646083 0.550000
31413600.0 0.600443 0.520000
31417200.0 0.504955 0.550000
31420800.0 0.362136 0.680000
31424400.0 0.178623 0.880000
31428000.0 0.008170 1.000000
31431600.0 0.000000 0.950000
31435200.0 0.000000 0.750000
31438800.0 0.000000 0.520000
31442400.0 0.000000 0.350000
31446000.0 0.000000 0.260000
31449600.0 0.000000 0.220000
31453200.0 0.000000 0.180000
31456800.0 0.000000 0.160000
31460400.0 0.000000 0.160000
31464000.0 0.000000 0.180000
31467600.0 0.000000 0.280000
31471200.0 0.000000 0.400000
31474800.0 0.000000 0.450000
31478400.0 0.113027 0.500000
31482000.0 0.310861 0.550000
31485600.0 0.471141 0.580000
31489200.0 0.581729 0.600000
31492800.0 0.640098 0.580000
31496400.0 0.646199 0.550000
31500000.0 0.600963 0.520000
31503600.0 0.505845 0.550000
31507200.0 0.363357 0.680000
31510800.0 0.180107 0.880000
31514400.0 0.008807 1.000000
31518000.0 0.000000 0.950000
31521600.0 0.000000 0.750000
31525200.0 0.000000 0.520000
31528800.0 0.000000 0.350000
31532400.0 0.000000 0.260000
